DateTime,Date,Time,TimeErr,Evla,EvlaErr,Evlo,EvloErr,Depth,Derr,Mag,,,,,,,,,,,,
2019-06-18 00:01:00,6/18/19,0:01:51,0.233,35.7638,1.2,140.9505,1.8,27.3,1.2,1.2,,6/19/19 7:44,6/19/19,44:29.9,0.039,35.5143,0.3,136.3247,0.2,10.8,0.6,0.7
2019-06-18 00:02:00,6/18/19,0:02:28,0.107,35.6933,0.5,139.8088,0.5,110.5,0.9,2.2,,6/19/19 7:45,6/19/19,45:10.2,0.766,38.6898,4.4,139.4193,4.4,11.9,7,1.4
2019-06-18 00:04:00,6/18/19,0:04:01,0.068,39.6172,0.4,140.4243,0.5,5.8,1.2,0.7,,6/19/19 7:45,6/19/19,45:36.9,0.041,38.6363,0.3,139.458,0.2,11,0.6,1.8
2019-06-18 00:06:00,6/18/19,0:06:37,0.238,43.5027,2.3,145.5127,1.3,90.4,2,2.3,,6/19/19 7:46,6/19/19,46:07.3,0.008,34.5224,0.1,132.1734,0,9.5,0.2,2.6
2019-06-18 00:13:00,6/18/19,0:13:49,0.021,34.0189,0.1,134.3395,0.1,7.2,0.6,1.2,,6/19/19 7:46,6/19/19,46:35.3,0.106,38.6198,0.6,139.4767,0.7,12.5,0.9,1.3
2019-06-18 00:19:00,6/18/19,0:19:04,0.075,40.7052,0.7,139.283,0.4,9.8,1.1,1.9,,6/19/19 7:49,6/19/19,49:15.4,0.145,38.5756,0.7,139.399,0.6,11,1.6,1.3
2019-06-18 00:22:00,6/18/19,0:22:55,0.044,34.827,0.2,136.5326,0.3,9.4,0.7,0.2,,6/19/19 7:51,6/19/19,51:09.4,0.056,33.8841,0.3,135.3332,0.2,11.1,0.7,0.5
2019-06-18 00:25:00,6/18/19,0:25:15,0.035,32.0116,0.2,129.7196,0.3,12.1,0.9,1.8,,6/19/19 7:51,6/19/19,51:16.6,0.07,32.8419,0.5,130.8293,0.3,10.8,1.1,0.3
2019-06-18 00:25:00,6/18/19,0:25:52,0.042,32.755,0.2,130.7456,0.3,12.5,0.8,1,,6/19/19 7:52,6/19/19,52:56.7,0.065,32.9963,0.4,131.0953,0.4,7.7,1.2,0.7
2019-06-18 00:27:00,6/18/19,0:27:01,0.31,33.9437,1.4,135.1873,1.8,12.1,2.8,0.5,,6/19/19 7:56,6/19/19,56:27.6,0.105,38.5789,0.6,139.4395,0.4,12.2,0.9,1.1
2019-06-18 00:30:00,6/18/19,0:30:24,0.044,34.9036,0.2,135.6688,0.3,11.3,0.6,0.3,,6/19/19 8:00,6/19/19,00:14.0,0.098,38.6643,0.6,139.4499,0.4,12.2,1.2,1.6
2019-06-18 00:32:00,6/18/19,0:32:33,0.122,43.0129,3.4,145.9036,1.3,61.9,2.5,2.3,,6/19/19 8:00,6/19/19,00:30.8,0.232,38.447,1.3,139.5558,1.3,6.6,2.7,1.6
2019-06-18 00:33:00,6/18/19,0:33:48,0.132,34.8733,0.7,137.0113,0.9,37.8,1.3,1.3,,6/19/19 8:03,6/19/19,03:48.1,0.043,38.6403,0.3,139.4607,0.2,12.2,0.5,1.6
2019-06-18 00:56:00,6/18/19,0:56:05,0.041,33.7388,0.2,134.2368,0.2,19.3,0.5,1.5,,6/19/19 8:05,6/19/19,05:00.8,0.04,35.1726,0.3,132.5904,0.3,8.8,0.6,0.9
2019-06-18 00:57:00,6/18/19,0:57:18,0.099,41.1587,0.4,140.9049,0.5,111.2,0.9,2.9,,6/19/19 8:05,6/19/19,05:06.9,0.808,38.5253,3.3,139.5433,2.9,10.5,8.6,0.8
2019-06-18 01:06:00,6/18/19,1:06:55,0.043,34.8968,0.3,135.5969,0.2,11.1,0.7,0.4,,6/19/19 8:06,6/19/19,06:46.5,0.06,38.6025,0.4,139.4611,0.3,11.1,0.6,1.5
2019-06-18 01:08:00,6/18/19,1:08:37,0.195,32.0777,1,130.0594,1.7,7.8,2.7,0.3,,6/19/19 8:09,6/19/19,09:25.7,0.495,38.6749,3.2,139.3558,1.6,15.6,4.1,1.6
2019-06-18 01:08:00,6/18/19,1:08:48,0.099,35.8074,0.5,141.0324,0.7,27.3,0.7,1.2,,6/19/19 8:12,6/19/19,12:18.3,0.05,38.5983,0.3,139.4553,0.2,11.7,0.6,1.8
2019-06-18 01:09:00,6/18/19,1:09:37,0.161,36.5636,0.5,141.1002,1,13.4,2.3,1.2,,6/19/19 8:16,6/19/19,16:33.8,0.045,38.579,0.3,139.418,0.2,9.7,0.6,1.9
2019-06-18 01:10:00,6/18/19,1:10:16,0.042,32.7057,0.3,130.6109,0.3,8.7,0.8,0.5,,6/19/19 8:18,6/19/19,18:36.3,0.061,36.5728,0.3,139.4119,0.3,7.2,0.9,0.5
2019-06-18 01:14:00,6/18/19,1:14:14,0.255,35.7259,0.9,140.8062,1.3,13.2,1.9,0.8,,6/19/19 8:22,6/19/19,22:00.9,0.123,38.5482,0.6,139.3786,0.4,10,1.5,1.2
2019-06-18 01:16:00,6/18/19,1:16:17,0.063,34.0953,0.4,135.523,0.3,57.5,0.5,1.3,,6/19/19 8:22,6/19/19,22:08.1,0.144,32.8996,0.8,131.3039,0.9,118.9,1.2,2.2
2019-06-18 01:17:00,6/18/19,1:17:34,0.092,32.0657,0.4,131.0085,0.5,11.4,1.5,0.9,,6/19/19 8:26,6/19/19,26:03.5,0.176,41.0637,0.6,139.25,1.1,14.7,2.1,2.5
2019-06-18 01:22:00,6/18/19,1:22:36,0.029,32.6445,0.2,130.665,0.2,6.1,0.8,1.1,,6/19/19 8:27,6/19/19,27:24.4,0.103,38.5714,0.5,139.4025,0.6,11.4,0.9,1.3
2019-06-18 01:31:00,6/18/19,1:31:49,0.05,39.598,0.3,140.4601,0.3,14.7,0.6,1.2,,6/19/19 8:28,6/19/19,28:58.3,0.032,38.6322,0.2,139.4598,0.2,12.4,0.4,1.9
2019-06-18 01:35:00,6/18/19,1:35:22,0.071,36.1346,0.4,139.8955,0.4,70.8,0.6,1.5,,6/19/19 8:29,6/19/19,29:41.6,0.017,36.7836,0.1,140.5775,0.2,9.7,0.2,0.7
2019-06-18 01:38:00,6/18/19,1:38:43,0.053,35.3228,0.3,136.9109,0.2,6.9,0.8,0.1,,6/19/19 8:32,6/19/19,32:49.3,0.079,38.6186,0.4,139.3952,0.5,10,1,1.6
2019-06-18 01:44:00,6/18/19,1:44:52,0.108,38.856,0.6,142.4458,0.6,29.5,0.7,1.6,,6/19/19 8:34,6/19/19,34:10.1,0.048,38.6536,0.3,139.4905,0.3,11.3,0.5,1.8
2019-06-18 01:55:00,6/18/19,1:55:02,0.066,38.44,0.4,141.8986,0.8,52.9,0.6,1.6,,6/19/19 8:45,6/19/19,45:19.5,0.041,38.6204,0.2,139.4014,0.2,11.4,0.6,2.1
2019-06-18 01:56:00,6/18/19,1:56:03,0.061,35.2297,0.3,139.0226,0.4,3,0.8,0.2,,6/19/19 8:55,6/19/19,55:00.0,0.027,35.5619,0.2,136.1287,0.1,9,0.5,1.1
2019-06-18 01:56:00,6/18/19,1:56:19,0.032,33.7133,0.2,130.2199,0.2,11.6,0.4,0.3,,6/19/19 8:55,6/19/19,55:28.9,0.112,38.6444,0.6,139.4662,0.7,12.4,0.9,1.4
2019-06-18 01:57:00,6/18/19,1:57:02,0.029,35.2368,0.2,139.0212,0.2,3.1,0.3,0,,6/19/19 8:57,6/19/19,57:57.9,0.182,38.5735,1.1,139.4036,0.7,11.2,1.9,1
2019-06-18 01:58:00,6/18/19,1:58:46,0.051,33.0154,0.2,131.1692,0.2,8.5,0.7,0.1,,6/19/19 9:00,6/19/19,00:18.0,0.053,36.7998,0.3,140.5894,0.5,7.7,0.6,0.7
2019-06-18 02:00:00,6/18/19,2:00:33,0.12,35.5611,0.7,136.3915,0.6,14.6,1.4,0.6,,6/19/19 9:00,6/19/19,00:39.5,0.045,38.6158,0.3,139.3931,0.3,10.6,0.6,1.9
2019-06-18 02:07:00,6/18/19,2:07:40,0.187,35.7753,0.6,140.8867,1.1,12.2,1.2,1.2,,6/19/19 9:01,6/19/19,01:27.5,0.039,36.4115,0.2,139.1673,0.3,13.3,0.8,1.4
2019-06-18 02:16:00,6/18/19,2:16:46,0.052,32.6378,0.5,132.2622,0.2,27.4,0.9,1.4,,6/19/19 9:02,6/19/19,02:01.6,0.142,37.0801,0.8,140.8023,1.4,0.8,3.3,0.6
2019-06-18 02:20:00,6/18/19,2:20:28,0.013,38.9804,0.1,140.8932,0.1,7.5,0.3,2.8,,6/19/19 9:04,6/19/19,04:27.8,0.033,38.633,0.2,139.4432,0.2,10.7,0.5,1.8
2019-06-18 02:21:00,6/18/19,2:21:20,0.149,35.9828,1.2,140.0442,1.3,60.3,1.1,1,,6/19/19 9:07,6/19/19,07:29.5,0.068,38.6142,0.5,139.4326,0.3,9.9,0.7,1.5
2019-06-18 02:22:00,6/18/19,2:22:40,0.077,37.2369,0.4,140.4456,0.6,83.8,0.6,1.8,,6/19/19 9:09,6/19/19,09:42.6,0.051,38.587,0.3,139.4143,0.2,11.1,0.6,2.4
2019-06-18 02:28:00,6/18/19,2:28:30,0.048,34.7958,0.3,137.8277,0.2,17.9,0.5,0.8,,6/19/19 9:11,6/19/19,11:11.8,0.075,38.6003,0.5,139.3809,0.4,10.8,0.7,1.9
2019-06-18 02:28:00,6/18/19,2:28:44,0.055,34.7592,0.4,137.5242,0.3,31.1,0.5,0.9,,6/19/19 9:20,6/19/19,20:11.0,0.046,36.2821,0.3,139.9237,0.2,67.6,0.4,1.6
2019-06-18 02:37:00,6/18/19,2:37:45,0.072,37.2108,0.3,141.2004,0.6,28.3,0.5,1.9,,6/19/19 9:21,6/19/19,21:42.4,0.043,38.6422,0.3,139.4307,0.3,9.9,0.7,1.8
2019-06-18 02:39:00,6/18/19,2:39:20,0.022,35.2248,0.1,136.4616,0.1,16.3,0.3,1.2,,6/19/19 9:23,6/19/19,23:19.0,0.045,38.6549,0.3,139.4617,0.3,11.4,0.8,1.6
2019-06-18 02:40:00,6/18/19,2:40:18,0.341,35.6135,1.7,140.416,2.1,52.5,2.8,1.2,,6/19/19 9:31,6/19/19,31:09.0,0.024,36.7133,0.1,140.6099,0.2,7.3,0.3,1.8
2019-06-18 02:48:00,6/18/19,2:48:52,0.049,34.914,0.2,137.781,0.2,22.3,0.5,1.1,,6/19/19 9:33,6/19/19,33:08.3,0.281,38.576,1.3,139.4328,1.5,12.1,1.9,1.1
2019-06-18 02:56:00,6/18/19,2:56:07,0.059,32.0129,0.3,129.7267,0.5,10.6,1.6,1.5,,6/19/19 9:35,6/19/19,35:57.4,0.254,35.7335,0.7,140.8743,1.5,10.8,1.3,1.5
2019-06-18 03:17:00,6/18/19,3:17:42,0.023,37.0573,0.2,140.4447,0.2,9.3,0.7,1.6,,6/19/19 9:36,6/19/19,36:04.9,0.1,35.882,0.7,137.7361,0.6,5.5,2,0.2
2019-06-18 03:40:00,6/18/19,3:40:11,0.255,44.0481,1.4,141.7669,1.6,6.6,2.5,0.8,,6/19/19 9:38,6/19/19,38:27.9,0.213,36.5991,0.7,141.4778,1.3,20.5,1.5,2
2019-06-18 03:43:00,6/18/19,3:43:03,0.051,32.941,0.5,131.0307,0.3,6.3,0.7,0.1,,6/19/19 9:50,6/19/19,50:23.8,0.046,38.5714,0.3,139.3936,0.2,11.9,0.5,2.3
2019-06-18 03:46:00,6/18/19,3:46:20,0.027,32.6322,0.2,130.6876,0.2,5.8,0.7,1.1,,6/19/19 9:50,6/19/19,50:41.2,0.153,38.6149,0.7,139.4841,0.5,12.4,1.2,1.9
2019-06-18 03:57:00,6/18/19,3:57:20,0.09,36.0915,0.5,139.7936,0.4,47,0.7,1.3,,6/19/19 9:50,6/19/19,50:55.1,0.049,38.6461,0.3,139.4696,0.3,12.6,0.7,2.1
2019-06-18 04:03:00,6/18/19,4:03:59,0.061,37.0606,0.4,141.5824,0.8,63.7,1,2.3,,6/19/19 9:52,6/19/19,52:36.7,0.111,38.6504,0.7,139.4565,0.7,11.5,1.3,1.3
2019-06-18 04:04:00,6/18/19,4:04:57,0.09,36.9455,0.6,138.5835,0.5,6.7,1.1,0.7,,6/19/19 9:53,6/19/19,53:43.8,0.118,38.6553,0.6,139.506,0.8,12.5,1,1.5
2019-06-18 04:06:00,6/18/19,4:06:29,0.026,35.9873,0.3,139.9536,0.2,44.9,0.2,0.9,,6/19/19 9:54,6/19/19,54:44.8,0.033,33.8857,0.2,135.3304,0.2,11.8,0.4,1
2019-06-18 04:14:00,6/18/19,4:14:12,0.118,31.1295,0.6,130.4291,0.8,124.3,1,2.3,,6/19/19 9:56,6/19/19,56:01.4,0.06,38.6887,0.3,139.5107,0.5,11.5,0.8,1.6
2019-06-18 04:19:00,6/18/19,4:19:34,0.116,32.6312,1.3,132.2607,0.3,30.8,1.1,0.9,,6/19/19 9:56,6/19/19,56:52.2,0.05,38.6287,0.3,139.4539,0.2,12.2,0.7,1.9
2019-06-18 04:26:00,6/18/19,4:26:32,0.058,37.0171,0.3,141.38,0.6,38.5,1,2.6,,6/19/19 9:57,6/19/19,57:43.7,0.039,38.6022,0.3,139.3807,0.2,12.4,0.5,2.2
2019-06-18 04:29:00,6/18/19,4:29:14,0.034,35.6133,0.2,136.4929,0.2,13.3,0.4,0.7,,6/19/19 9:59,6/19/19,59:22.2,0.058,38.6238,0.4,139.4487,0.3,12,0.8,1.4
2019-06-18 04:33:00,6/18/19,4:33:05,0.038,33.9386,0.3,135.163,0.2,7.2,0.4,0.9,,6/19/19 9:59,6/19/19,59:32.5,0.084,38.6712,0.5,139.5799,0.4,13.2,0.7,1.6
2019-06-18 04:33:00,6/18/19,4:33:34,0.085,33.5055,0.6,132.3947,0.5,46.1,0.7,0.9,,6/19/19 9:59,6/19/19,59:45.6,0.14,38.8389,0.8,141.0936,0.7,15.1,1.9,1.1
2019-06-18 04:36:00,6/18/19,4:36:40,0.172,35.8063,0.9,140.9504,1.1,28,0.9,1,,6/19/19 10:06,6/19/19,06:18.8,0.047,38.6562,0.3,139.4915,0.3,11.9,0.8,2.8
2019-06-18 04:48:00,6/18/19,4:48:57,0.374,42.3592,2.3,142.6213,1.4,18.3,4,0.8,,6/19/19 10:07,6/19/19,07:10.6,0.14,34.4239,0.6,136.2106,0.5,26.5,1.3,0.7
2019-06-18 05:12:00,6/18/19,5:12:18,0.012,35.0919,0.1,135.6947,0.1,11.3,0.2,1.6,,6/19/19 10:14,6/19/19,14:52.3,0.122,38.5722,0.7,139.4079,0.6,11.2,1.4,1.7
2019-06-18 05:19:00,6/18/19,5:19:19,0.052,35.8699,0.2,137.3142,0.2,11.3,0.6,0,,6/19/19 10:17,6/19/19,17:58.3,0.111,38.663,0.6,139.442,0.5,12.3,1,1.4
2019-06-18 05:23:00,6/18/19,5:23:02,0.064,35.425,0.4,136.8396,0.3,19.2,0.6,0.5,,6/19/19 10:18,6/19/19,18:23.2,0.04,40.367,0.3,140.5664,0.3,6.4,1,0.8
2019-06-18 05:28:00,6/18/19,5:28:47,0.412,37.8509,1.5,142.3514,2.1,10.3,3.8,1.9,,6/19/19 10:19,6/19/19,19:05.8,0.09,38.5647,0.6,139.3982,0.4,10.2,0.9,1.5
2019-06-18 05:33:00,6/18/19,5:33:16,0.021,33.8481,0.1,134.9204,0.1,20.2,0.3,2.6,,6/19/19 10:20,6/19/19,20:46.4,0.079,38.6693,0.4,139.4762,0.5,11.5,0.8,1.6
2019-06-18 05:33:00,6/18/19,5:33:48,0.09,35.6169,0.4,140.1598,0.5,69.5,0.8,2.1,,6/19/19 10:23,6/19/19,23:03.0,0.156,38.6457,0.9,139.4673,0.9,13.2,1.2,1.2
2019-06-18 05:42:00,6/18/19,5:42:26,0.114,32.8033,0.7,130.801,0.7,9.9,1.6,0.1,,6/19/19 10:23,6/19/19,23:44.5,0.097,38.6819,0.5,139.4964,0.7,11.6,1.1,1.3
2019-06-18 05:42:00,6/18/19,5:42:35,0.034,35.8866,0.3,137.6183,0.2,7.8,0.8,0.7,,6/19/19 10:26,6/19/19,26:37.4,0.065,38.6285,0.4,139.4286,0.3,11.4,0.7,1.6
2019-06-18 05:43:00,6/18/19,5:43:35,0.09,32.9723,0.4,130.5348,0.6,9.6,0.8,0.3,,6/19/19 10:28,6/19/19,28:54.5,0.038,38.6393,0.3,139.4672,0.2,12.1,0.5,1.9
2019-06-18 05:43:00,6/18/19,5:43:36,0.214,42.8585,2.2,143.9881,1.5,107.1,1.8,2,,6/19/19 10:34,6/19/19,34:09.6,0.333,34.0502,2.4,135.3608,2.3,6.5,6.2,0.8
2019-06-18 05:50:00,6/18/19,5:50:07,0.054,33.4687,0.3,132.6526,0.3,40.9,0.5,0.9,,6/19/19 10:35,6/19/19,35:24.7,0.066,33.0022,0.4,131.0986,0.4,9.5,1,1
2019-06-18 05:53:00,6/18/19,5:53:04,0.241,35.8912,0.9,140.2343,0.8,38.6,2,0.9,,6/19/19 10:38,6/19/19,38:18.1,0.026,35.7111,0.1,138.141,0.1,19.3,0.4,1.6
2019-06-18 06:00:00,6/18/19,6:00:08,0.204,28.2478,1.5,140.2941,4.8,379.6,3.2,4.9,,6/19/19 10:40,6/19/19,40:01.2,0.112,35.7093,0.4,138.1421,0.5,18.7,1.2,0.6
2019-06-18 06:01:00,6/18/19,6:01:02,0.051,34.2455,0.2,139.1553,0.3,9.4,0.4,2.1,,6/19/19 10:41,6/19/19,41:40.1,0.322,38.5525,1.7,139.8238,1.9,10.2,5.2,1.3
2019-06-18 06:04:00,6/18/19,6:04:13,0.103,34.2431,0.4,139.1648,0.7,7.3,0.9,1.6,,6/19/19 10:42,6/19/19,42:03.1,0.247,35.2671,1.6,135.8065,1.4,7.3,3.3,0.2
2019-06-18 06:14:00,6/18/19,6:14:49,0.046,36.7091,0.2,140.6108,0.4,8.2,0.5,0.6,,6/19/19 10:43,6/19/19,43:23.6,0.092,40.1353,0.4,141.5278,0.4,9.2,1.1,0.3
2019-06-18 06:17:00,6/18/19,6:17:07,0.065,32.6239,0.2,131.2703,0.3,12.1,0.7,0.1,,6/19/19 10:48,6/19/19,48:38.2,0.051,38.6322,0.4,139.4282,0.3,10.5,0.7,1.7
2019-06-18 06:24:00,6/18/19,6:24:12,0.064,35.904,0.3,137.6286,0.4,8.3,0.8,0.4,,6/19/19 10:52,6/19/19,52:30.5,0.084,34.7746,2.2,141.4702,0.6,31.4,1.6,2.7
2019-06-18 06:26:00,6/18/19,6:26:10,0.031,33.1842,0.2,132.6482,0.2,33.6,0.3,1.9,,6/19/19 10:54,6/19/19,54:26.3,0.041,38.6535,0.3,139.5002,0.2,12.6,0.5,1.9
2019-06-18 06:32:00,6/18/19,6:32:51,0.166,31.6354,0.9,131.5126,1.9,43.3,1.4,1.2,,6/19/19 10:56,6/19/19,56:00.9,0.07,38.5656,0.4,139.4034,0.4,10.2,0.9,1.6
2019-06-18 06:37:00,6/18/19,6:37:50,0.028,36.2121,0.3,137.5642,0.2,3.3,1,0.6,,6/19/19 10:57,6/19/19,57:38.8,0.028,38.6271,0.2,139.4495,0.1,12.3,0.4,2.1
2019-06-18 06:44:00,6/18/19,6:44:10,0.032,36.9213,0.1,140.6165,0.2,18,0.3,1.8,,6/19/19 11:00,6/19/19,00:14.4,0.211,38.5662,1.2,139.4051,0.8,9,2.5,1.2
2019-06-18 07:00:00,6/18/19,7:00:34,0.028,32.1929,0.2,130.3931,0.2,7.7,0.6,1,,6/19/19 11:00,6/19/19,00:26.9,0.043,35.0657,0.2,137.8959,0.2,11.3,0.4,0.1
2019-06-18 07:10:00,6/18/19,7:10:44,0.048,32.3201,0.3,130.4398,0.3,9.1,1,0.5,,6/19/19 11:04,6/19/19,04:06.4,0.024,33.7653,0.2,135.0016,0.1,38.8,0.3,1.9
2019-06-18 07:14:00,6/18/19,7:14:11,0.05,36.2682,0.2,140.477,0.3,52.3,0.4,2.6,,6/19/19 11:04,6/19/19,04:45.8,0.175,38.607,1,139.4784,0.9,10,1.2,1.3
2019-06-18 07:16:00,6/18/19,7:16:45,0.173,30.592,0.7,131.3158,1.8,21.9,2.1,1.8,,6/19/19 11:04,6/19/19,04:57.4,0.237,38.5673,0.8,142.0845,1.8,25.8,3,1.3
2019-06-18 07:19:00,6/18/19,7:19:17,0.065,36.8383,0.3,140.6199,0.5,9.2,0.7,0.8,,6/19/19 11:14,6/19/19,14:01.8,0.447,35.996,1.5,138.0575,1.1,11.7,3.5,-0.2
2019-06-18 07:22:00,6/18/19,7:22:07,0.014,40.0538,0.1,140.6012,0.1,7,0.4,3.9,,6/19/19 11:15,6/19/19,15:19.9,0.03,38.6524,0.2,139.462,0.2,12.8,0.4,2.4
2019-06-18 07:23:00,6/18/19,7:23:34,0.1,36.4397,0.7,141.0861,1.7,41.5,2.2,1.8,,6/19/19 11:16,6/19/19,15:59.6,0.152,35.6214,0.4,140.1588,0.6,65.4,1.4,1.9
2019-06-18 07:26:00,6/18/19,7:26:28,0.026,36.0165,0.2,138.0431,0.1,5.4,0.4,0.2,,6/19/19 11:19,6/19/19,19:48.9,0.173,38.6227,1,139.4667,1,13.1,1.2,1.2
2019-06-18 07:27:00,6/18/19,7:27:45,0.075,35.9059,0.3,137.6271,0.5,7.1,1.7,0,,6/19/19 11:28,6/19/19,28:15.8,0.181,34.8207,0.6,138.9257,0.9,9.6,1.8,0.2
2019-06-18 07:29:00,6/18/19,7:29:51,0.031,36.8337,0.2,140.6248,0.3,9.6,0.5,1.9,,6/19/19 11:29,6/19/19,29:58.4,0.103,41.8909,0.8,140.5608,0.6,10.5,1.4,1.2
2019-06-18 07:31:00,6/18/19,7:31:57,0.243,36.6991,0.9,140.6782,1.6,8.5,2.4,0.2,,6/19/19 11:35,6/19/19,35:48.1,0.091,31.1735,0.5,131.5993,0.6,23.6,0.8,4.4
2019-06-18 07:32:00,6/18/19,7:32:34,0.092,36.8416,0.6,140.61,0.9,6.9,0.9,0.3,,6/19/19 11:43,6/19/19,43:54.9,0.034,38.6738,0.2,139.5171,0.2,14,0.4,2.1
2019-06-18 07:33:00,6/18/19,7:33:25,0.037,36.8406,0.1,140.602,0.2,7.9,0.3,-0.4,,6/19/19 11:45,6/19/19,45:09.3,0.314,38.6125,1.7,139.4785,1.8,13.3,1.6,1.1
2019-06-18 07:35:00,6/18/19,7:35:01,0.6,36.189,1.3,142.0029,2.7,9.2,7.4,2.4,,6/19/19 11:47,6/19/19,47:04.1,0.039,38.5964,0.3,139.4429,0.2,12.5,0.4,2
2019-06-18 07:37:00,6/18/19,7:37:30,0.054,32.6515,0.3,130.6931,0.3,13.7,0.8,0.4,,6/19/19 11:48,6/19/19,48:01.1,0.052,38.5739,0.3,139.4183,0.3,9.2,0.7,1.8
2019-06-18 07:38:00,6/18/19,7:38:22,0.031,36.7678,0.2,140.5655,0.3,9.6,0.4,0.9,,6/19/19 11:51,6/19/19,51:48.6,0.138,36.5856,0.5,137.8514,0.6,12.9,1.3,0.4
2019-06-18 07:40:00,6/18/19,7:40:48,0.058,33.121,0.4,130.4553,0.3,10.3,0.7,0.4,,6/19/19 11:52,6/19/19,52:01.7,0.073,36.5885,0.3,137.8501,0.4,14,0.7,1.3
2019-06-18 07:48:00,6/18/19,7:48:50,0.162,43.2709,4.8,146.5575,2.3,50.7,3.9,2.8,,6/19/19 11:56,6/19/19,56:11.2,0.195,35.5887,0.9,140.9522,1.2,16.4,1,1.6
2019-06-18 07:49:00,6/18/19,7:49:31,0.024,36.8396,0.1,140.6117,0.1,8.3,0.2,0.1,,6/19/19 12:05,6/19/19,05:34.8,0.04,38.6175,0.2,139.4064,0.2,10.8,0.6,2.3
2019-06-18 07:56:00,6/18/19,7:56:04,0.039,33.7417,0.3,133.867,0.2,9.1,0.7,0.9,,6/19/19 12:07,6/19/19,07:35.5,0.033,35.9072,0.2,137.6257,0.2,8.6,0.6,0.6
2019-06-18 07:58:00,6/18/19,7:58:01,0.102,38.497,0.6,142.2046,1.1,50.3,1.3,1.5,,6/19/19 12:09,6/19/19,09:37.8,0.047,35.9017,0.3,137.6293,0.3,7.5,0.5,0.2
2019-06-18 08:01:00,6/18/19,8:01:07,0.035,34.4901,0.2,136.7788,0.1,23.4,0.4,1.4,,6/19/19 12:10,6/19/19,10:10.3,0.136,38.6227,0.7,139.418,1,11,1.8,1.1
2019-06-18 08:14:00,6/18/19,8:14:12,0.184,42.5522,1.2,143.5792,1.4,84.5,1.5,2.1,,6/19/19 12:11,6/19/19,11:04.3,0.326,36.1876,1.2,137.7942,2.3,7.3,3.1,0
2019-06-18 08:25:00,6/18/19,8:25:30,0.025,32.775,0.2,130.6085,0.2,8.6,0.4,0.9,,6/19/19 12:13,6/19/19,13:33.1,0.071,36.3286,0.4,140.9258,0.7,44.2,0.7,2.4
2019-06-18 08:25:00,6/18/19,8:25:51,0.063,33.4568,0.4,135.6772,0.2,21.8,0.4,1.6,,6/19/19 12:18,6/19/19,18:46.8,0.047,38.6411,0.3,139.4549,0.3,11,0.6,1.6
2019-06-18 08:28:00,6/18/19,8:28:41,0.072,32.7809,0.4,130.6024,0.6,8.9,1.2,0.4,,6/19/19 12:20,6/19/19,20:02.0,0.022,33.4716,0.2,130.7776,0.2,3.5,0.8,1.2
2019-06-18 08:29:00,6/18/19,8:29:27,0.139,36.7786,0.7,140.5783,1,7,1.2,0.2,,6/19/19 12:21,6/19/19,21:24.3,0.094,38.651,0.5,139.4961,0.6,12.9,0.7,1.4
2019-06-18 08:34:00,6/18/19,8:34:39,0.037,37.0863,0.2,140.5439,0.3,6.5,0.5,0.2,,6/19/19 12:24,6/19/19,24:05.6,0.029,33.4724,0.2,130.7756,0.2,3.2,1,0.7
2019-06-18 08:38:00,6/18/19,8:38:09,0.014,35.908,0.1,137.6233,0.1,8.3,0.4,1.7,,6/19/19 12:26,6/19/19,26:13.0,0.187,35.3911,0.9,136.7766,1.1,6.7,2.9,0.1
2019-06-18 08:43:00,6/18/19,8:43:08,0.037,33.7744,0.3,134.9618,0.1,39.8,0.4,1.2,,6/19/19 12:26,6/19/19,26:28.2,0.028,38.598,0.2,139.47,0.1,12.5,0.3,2.1
2019-06-18 08:52:00,6/18/19,8:52:00,0.03,35.5097,0.2,137.6562,0.1,15.4,0.4,0.8,,6/19/19 12:27,6/19/19,27:29.5,0.067,35.4382,0.3,139.0767,0.4,15.6,0.6,0.5
2019-06-18 08:54:00,6/18/19,8:54:12,0.051,36.8375,0.3,140.6029,0.4,8.1,0.6,0.6,,6/19/19 12:28,6/19/19,28:24.7,0.063,38.6353,0.4,139.454,0.3,10.2,0.9,1.5
2019-06-18 09:03:00,6/18/19,9:03:52,0.074,37.0726,0.4,140.8056,0.7,1.2,1.6,0.6,,6/19/19 12:30,6/19/19,30:51.6,0.104,40.1359,0.4,141.527,0.5,8,1.6,0.1
2019-06-18 09:11:00,6/18/19,9:11:21,0.276,35.3606,1.3,140.3262,2.3,32.3,3.1,1.4,,6/19/19 12:38,6/19/19,38:36.4,0.028,38.6182,0.2,139.5049,0.1,10.3,0.3,1.9
2019-06-18 09:16:00,6/18/19,9:16:20,0.045,35.3577,0.3,133.7447,0.2,7.6,0.5,0.5,,6/19/19 12:43,6/19/19,42:59.7,0.051,38.6068,0.3,139.4802,0.3,13.6,0.6,1.6
2019-06-18 09:25:00,6/18/19,9:25:56,0.02,34.8353,0.1,135.6319,0.1,9.4,0.4,1.1,,6/19/19 12:44,6/19/19,44:04.1,0.038,33.792,0.4,134.922,0.1,13.2,0.7,0.8
2019-06-18 09:30:00,6/18/19,9:30:40,0.065,36.6483,0.3,141.0534,0.6,30.1,0.7,1.4,,6/19/19 12:44,6/19/19,44:16.5,0.111,36.3463,0.8,139.9529,0.8,79.1,0.9,1.2
2019-06-18 09:39:00,6/18/19,9:39:08,0.147,35.2991,0.5,137.4256,0.6,48.9,1.3,0.7,,6/19/19 12:46,6/19/19,46:50.7,0.069,37.4139,0.5,138.5194,0.5,20.7,1.1,1.4
2019-06-18 09:41:00,6/18/19,9:41:00,0.03,40.064,0.2,141.8107,0.3,3.2,0.7,0.2,,6/19/19 12:49,6/19/19,49:24.4,0.032,34.5895,0.2,132.2258,0.1,18.3,0.4,0.7
2019-06-18 09:41:00,6/18/19,9:41:35,0.047,33.0824,0.4,132.0898,0.2,2.9,3.5,0.9,,6/19/19 12:50,6/19/19,50:28.4,0.178,38.6485,0.9,139.4347,1.1,8.7,2.4,1.4
2019-06-18 09:49:00,6/18/19,9:49:44,0.015,33.0896,0.1,132.0803,0.1,10.6,0.5,2.5,,6/19/19 12:50,6/19/19,50:47.6,0.124,33.3351,0.8,135.498,0.6,22.7,0.9,1.2
2019-06-18 09:50:00,6/18/19,9:50:02,0.034,37.0251,0.2,140.5872,0.3,8.1,0.4,0,,6/19/19 12:51,6/19/19,51:18.2,0.044,39.6267,0.2,142.136,0.4,46.7,0.3,1.3
2019-06-18 09:57:00,6/18/19,9:57:44,0.132,43.0586,1.6,146.7838,1.2,52.1,2.5,3.1,,6/19/19 12:54,6/19/19,54:35.0,0.294,38.5892,1.6,139.4997,1.4,14.7,2.2,1.4
2019-06-18 10:05:00,6/18/19,10:05:33,0.528,34.9815,2.8,140.2076,3.3,51.1,4.6,1.5,,6/19/19 12:57,6/19/19,57:54.6,0.039,38.5661,0.2,139.3934,0.2,11.6,0.4,2
2019-06-18 10:10:00,6/18/19,10:10:05,0.068,34.8983,0.5,135.5556,0.5,1.8,3.1,0.8,,6/19/19 13:02,6/19/19,02:50.4,0.067,38.5659,0.4,139.3829,0.3,10.7,0.7,1.6
2019-06-18 10:37:00,6/18/19,10:37:47,0.03,36.0534,0.2,137.5747,0.2,6.8,0.8,0.7,,6/19/19 13:06,6/19/19,06:24.9,0.039,34.7561,0.1,132.1018,0.2,15.1,0.4,0.5
2019-06-18 10:37:00,6/18/19,10:37:57,0.066,36.694,0.2,140.6539,0.4,9.5,0.5,0.3,,6/19/19 13:09,6/19/19,09:56.9,0.114,34.7364,0.6,137.8655,0.6,34,0.9,0.8
2019-06-18 10:44:00,6/18/19,10:44:32,0.015,34.8834,0.1,136.0254,0.1,8.8,0.3,1.8,,6/19/19 13:17,6/19/19,17:23.8,0.068,38.6544,0.4,139.4675,0.4,11,0.9,1.6
2019-06-18 10:44:00,6/18/19,10:44:37,0.084,36.634,0.6,139.4799,0.5,8.2,1,1.3,,6/19/19 13:18,6/19/19,18:56.5,0.074,37.0426,0.4,139.3461,0.5,6.6,0.9,0.7
2019-06-18 10:46:00,6/18/19,10:46:55,0.154,36.8151,0.7,140.5739,0.9,6,1.7,-0.2,,6/19/19 13:22,6/19/19,22:23.7,0.033,37.046,0.2,139.3413,0.2,6.9,0.7,1.3
2019-06-18 10:51:00,6/18/19,10:51:15,0.031,32.5752,0.2,130.7109,0.3,7.8,0.9,1.5,,6/19/19 13:26,6/19/19,26:03.4,0.231,38.6568,1.3,139.4214,1.2,10,2.4,1.4
2019-06-18 10:52:00,6/18/19,10:52:46,0.018,36.6254,0.1,139.4175,0.1,8.3,0.3,1.8,,6/19/19 13:27,6/19/19,27:01.4,0.5,38.6206,2.7,139.4348,3,11.8,3.6,1.3
2019-06-18 10:54:00,6/18/19,10:54:54,0.098,38.7548,0.6,142.0578,1,36,1.4,1.5,,6/19/19 13:28,6/19/19,28:33.2,0.091,38.617,0.6,139.4258,0.5,9.6,1.1,1.4
2019-06-18 10:56:00,6/18/19,10:56:22,0.089,35.8043,0.5,138.0226,0.3,3,1.7,0.1,,6/19/19 13:29,6/19/19,29:40.4,0.034,35.3141,0.2,138.33,0.2,16.7,0.4,1.3
2019-06-18 11:00:00,6/18/19,11:00:25,0.092,36.4251,0.5,139.7936,0.5,88.5,0.7,1.6,,6/19/19 13:34,6/19/19,34:34.2,0.076,35.5359,0.4,139.9994,0.4,19.1,1.2,1.3
2019-06-18 11:11:00,6/18/19,11:11:49,0.044,32.6653,0.4,130.7322,0.3,4.9,1.2,1.4,,6/19/19 13:37,6/19/19,37:11.1,0.06,35.3138,0.3,138.3293,0.3,16.1,0.6,1
2019-06-18 11:14:00,6/18/19,11:14:15,0.125,38.3852,1.5,142.1319,0.9,28.5,1.8,1.1,,6/19/19 13:43,6/19/19,43:37.1,0.063,38.581,0.4,139.4104,0.3,10.1,0.8,1.6
2019-06-18 11:23:00,6/18/19,11:23:24,0.032,34.8964,0.3,135.6229,0.3,3.1,1.5,0.6,,6/19/19 13:44,6/19/19,44:11.4,0.761,38.4288,2.9,139.5985,5,14.9,7.6,0.9
2019-06-18 11:25:00,6/18/19,11:25:17,0.153,36.8048,0.8,140.5734,1.1,5.2,1.7,0.2,,6/19/19 13:50,6/19/19,50:47.4,0.081,38.6171,0.4,139.39,0.5,10.5,0.7,1.5
2019-06-18 11:28:00,6/18/19,11:28:55,0.074,32.9855,0.2,132.9485,0.3,30.4,0.7,0.9,,6/19/19 13:53,6/19/19,53:14.0,0.045,38.5822,0.3,139.4141,0.2,10.1,0.6,1.7
2019-06-18 11:30:00,6/18/19,11:30:33,0.027,35.586,0.2,136.2246,0.1,8.5,0.6,0.7,,6/19/19 13:54,6/19/19,54:31.7,0.072,38.6172,0.5,139.4201,0.4,11.5,1,1.4
2019-06-18 11:32:00,6/18/19,11:32:32,0.201,35.293,0.9,135.6586,0.8,14.3,2.1,0.5,,6/19/19 13:59,6/19/19,59:18.1,0.098,35.43,0.4,140.0489,0.5,48.5,0.9,2.1
2019-06-18 11:32:00,6/18/19,11:32:46,0.124,43.1398,2.1,147.0398,1,13.7,1.3,3.4,,6/19/19 14:00,6/19/19,00:04.0,0.026,39.0563,0.2,140.8592,0.2,8,0.6,1.6
2019-06-18 11:34:00,6/18/19,11:34:14,0.234,30.9699,1.1,131.0602,1.7,14.4,5,1.8,,6/19/19 14:01,6/19/19,01:52.2,0.035,35.4027,0.2,136.8618,0.2,12.4,0.4,0.3
2019-06-18 11:35:00,6/18/19,11:35:38,0.029,35.2069,0.2,133.1008,0.2,7.9,0.5,1,,6/19/19 14:14,6/19/19,14:47.7,0.046,38.6116,0.3,139.3698,0.3,8.2,0.8,1.7
2019-06-18 11:39:00,6/18/19,11:39:00,0.032,34.0074,0.2,135.1691,0.2,6.2,0.4,0.9,,6/19/19 14:15,6/19/19,15:38.2,0.018,35.9052,0.1,137.6259,0.1,8.2,0.4,1.2
2019-06-18 11:44:00,6/18/19,11:44:58,0.088,30.8916,0.4,130.855,0.6,59,0.8,2.4,,6/19/19 14:15,6/19/19,15:56.4,0.056,38.6142,0.3,139.3859,0.3,9.8,0.8,3.6
2019-06-18 11:45:00,6/18/19,11:45:50,0.152,34.9479,1,134.4741,0.6,5,2.1,0.1,,6/19/19 14:22,6/19/19,22:31.2,0.161,38.7778,0.7,141.3601,0.8,5.9,1.5,0
2019-06-18 11:51:00,6/18/19,11:51:49,0.052,35.4345,0.4,133.8186,0.2,6.9,0.7,0.6,,6/19/19 14:25,6/19/19,25:28.6,0.055,38.6461,0.3,139.468,0.3,12.5,0.7,2
2019-06-18 11:53:00,6/18/19,11:53:44,0.056,36.9676,0.3,140.6297,0.6,8.8,0.7,0.8,,6/19/19 14:25,6/19/19,25:36.0,0.08,38.5948,0.4,139.4048,0.3,11.7,0.8,2.2
2019-06-18 12:08:00,6/18/19,12:08:51,0.099,32.5764,0.4,130.9017,0.4,15.6,0.9,0.2,,6/19/19 14:29,6/19/19,29:20.7,0.038,38.626,0.2,139.5071,0.2,7.4,0.6,2
2019-06-18 12:15:00,6/18/19,12:15:09,0.18,34.4684,1,136.5154,0.5,8.3,2.7,0.2,,6/19/19 14:29,6/19/19,29:47.9,0.11,38.5525,0.6,139.4311,0.8,11.3,0.9,1.6
2019-06-18 12:17:00,6/18/19,12:17:16,0.157,38.5377,0.7,140.826,0.6,94.3,1.4,1.8,,6/19/19 14:30,6/19/19,30:25.9,0.107,38.6608,0.5,139.4404,0.8,10.9,1.4,1.5
2019-06-18 12:20:00,6/18/19,12:20:05,0.03,33.4706,0.2,130.7763,0.2,2.2,1.1,1.1,,6/19/19 14:38,6/19/19,38:21.9,0.221,35.7396,0.6,140.9594,1.3,11.3,0.9,1.2
2019-06-18 12:21:00,6/18/19,12:21:10,0.083,36.759,0.3,140.5585,0.6,6.7,0.9,0.6,,6/19/19 14:40,6/19/19,40:31.3,0.052,38.5889,0.3,139.3965,0.3,10.8,0.6,1.8
2019-06-18 12:23:00,6/18/19,12:23:55,0.037,33.4687,0.3,130.7765,0.3,2.9,1.4,0.7,,6/19/19 14:41,6/19/19,41:34.9,0.119,32.5457,0.7,129.9578,0.5,13.6,1.3,0.7
2019-06-18 12:27:00,6/18/19,12:27:17,0.027,34.9055,0.1,134.1986,0.1,16.8,0.3,0.8,,6/19/19 14:46,6/19/19,46:11.8,0.023,33.8451,0.3,134.9768,0.1,10.1,0.8,1
2019-06-18 12:31:00,6/18/19,12:31:55,0.041,33.0544,0.3,130.3575,0.2,14.1,0.5,0.5,,6/19/19 14:47,6/19/19,47:26.7,0.029,38.2846,0.2,141.8577,0.3,44.5,0.2,2.4
2019-06-18 12:58:00,6/18/19,12:58:53,0.149,36.499,0.7,141.3433,1,27.8,1.1,1.6,,6/19/19 14:48,6/19/19,48:12.9,0.057,36.0842,0.4,139.9024,0.3,46.9,0.5,1.4
2019-06-18 13:15:00,6/18/19,13:15:49,0.042,35.0181,0.2,138.099,0.2,31,0.4,1.6,,6/19/19 14:48,6/19/19,48:34.0,0.063,38.6296,0.4,139.4767,0.4,12.5,0.7,1.4
2019-06-18 13:25:00,6/18/19,13:25:20,0.11,29.98,1.1,130.2371,1,73.2,0.9,2.5,,6/19/19 14:50,6/19/19,50:24.8,0.056,38.658,0.4,139.4538,0.3,10.6,1,1.8
2019-06-18 13:27:00,6/18/19,13:27:10,0.091,34.965,0.5,137.3905,0.4,37.3,0.8,0.9,,6/19/19 14:50,6/19/19,50:36.7,0.042,32.2681,0.2,130.509,0.3,6.3,0.9,0.3
2019-06-18 13:33:00,6/18/19,13:33:01,0.063,36.2291,0.3,140.6324,0.5,59.3,0.5,2.9,,6/19/19 14:51,6/19/19,51:44.5,0.043,38.6831,0.3,139.4813,0.3,12.3,0.7,1.9
2019-06-18 13:41:00,6/18/19,13:41:57,0.018,38.9598,0.1,140.8874,0.1,7.2,0.4,1.9,,6/19/19 14:58,6/19/19,58:54.8,0.078,34.5897,0.3,132.2256,0.2,17.8,0.8,0.5
2019-06-18 13:51:00,6/18/19,13:51:20,0.177,34.835,1.1,140.3716,1.2,62.2,1.4,2,,6/19/19 14:59,6/19/19,59:12.6,0.037,38.6234,0.3,139.4065,0.2,8.8,0.7,1.6
2019-06-18 13:54:00,6/18/19,13:54:09,0.039,34.8681,0.2,137.8868,0.2,15.1,0.4,0.7,,6/19/19 15:01,6/19/19,01:10.4,0.052,38.6419,0.4,139.4606,0.3,11.8,0.8,1.5
2019-06-18 14:02:00,6/18/19,14:02:47,0.022,35.1429,0.1,136.8292,0.1,35.3,0.3,2.4,,6/19/19 15:04,6/19/19,04:00.1,0.109,38.6183,0.6,139.394,0.7,10.8,1.7,1.3
2019-06-18 14:29:00,6/18/19,14:29:02,0.052,35.8995,0.2,138.0761,0.3,8.4,0.6,0.5,,6/19/19 15:04,6/19/19,04:41.4,0.03,32.1766,0.2,130.5416,0.2,7.6,0.7,1
2019-06-18 14:31:00,6/18/19,14:31:06,0.062,31.1924,0.3,130.8415,0.3,8.7,0.6,1.3,,6/19/19 15:07,6/19/19,07:17.5,0.069,38.5861,0.4,139.4406,0.3,11.3,0.8,1.7
2019-06-18 14:37:00,6/18/19,14:37:15,0.096,39.0348,0.5,140.8783,0.7,7.5,1.4,0.5,,6/19/19 15:08,6/19/19,08:33.7,0.639,38.6662,2.9,139.4336,3.8,15.9,4.9,1.4
2019-06-18 14:43:00,6/18/19,14:43:55,0.156,35.8183,0.7,140.9017,1,15.3,1.1,1.4,,6/19/19 15:11,6/19/19,11:19.2,0.042,36.6266,0.2,141.0287,0.5,40.7,0.6,2.2
2019-06-18 14:48:00,6/18/19,14:48:50,0.05,37.7135,0.5,138.6777,0.4,17.9,0.7,1.6,,6/19/19 15:13,6/19/19,13:41.7,0.079,35.8992,0.3,138.0781,0.4,7.9,0.8,0
2019-06-18 14:59:00,6/18/19,14:59:19,0.183,35.1888,0.9,140.1614,1.1,34.2,1.7,1.6,,6/19/19 15:23,6/19/19,23:02.2,0.079,36.1091,0.6,140.1135,0.7,62.7,0.6,1.2
2019-06-18 15:03:00,6/18/19,15:03:04,0.121,34.0115,0.7,135.4665,0.7,57.6,0.9,1.2,,,,,,,,,,,,
2019-06-18 15:04:00,6/18/19,15:04:45,0.324,35.7988,1.4,140.99,2.3,27.3,1.8,1.7,,,,,,,,,,,,
2019-06-18 15:07:00,6/18/19,15:07:12,0.079,32.915,0.5,132.1574,0.4,43.5,0.8,1.6,,,,,,,,,,,,
2019-06-18 15:28:00,6/18/19,15:28:39,0.025,35.7942,0.2,136.896,0.2,9,0.5,1.3,,,,,,,,,,,,
2019-06-18 15:34:00,6/18/19,15:34:06,0.088,38.3801,0.7,142.1336,0.7,29.8,0.9,2.1,,,,,,,,,,,,
2019-06-18 15:41:00,6/18/19,15:41:08,0.066,34.3021,0.5,137.8935,0.3,313.3,0.6,4.5,,,,,,,,,,,,
2019-06-18 15:49:00,6/18/19,15:49:12,0.037,34.9103,0.2,137.7881,0.1,22.2,0.4,0.9,,,,,,,,,,,,
2019-06-18 15:58:00,6/18/19,15:58:05,0.076,37.2683,0.2,141.0675,0.5,24.8,0.5,1.4,,,,,,,,,,,,
2019-06-18 16:07:00,6/18/19,16:07:29,0.31,32.415,0.9,131.7319,1.5,39.2,2.2,0.5,,,,,,,,,,,,
2019-06-18 16:08:00,6/18/19,16:08:50,0.048,31.8709,0.3,130.703,0.3,7.4,1.3,1.1,,,,,,,,,,,,
2019-06-18 16:36:00,6/18/19,16:36:03,0.024,34.7116,0.2,135.1754,0.2,10.9,0.7,1,,,,,,,,,,,,
2019-06-18 16:41:00,6/18/19,16:41:15,0.183,32.6411,0.9,130.6376,1.2,10.4,2.5,0.3,,,,,,,,,,,,
2019-06-18 17:01:00,6/18/19,17:01:07,0.095,33.1007,0.5,132.0887,0.4,46.1,0.9,1.1,,,,,,,,,,,,
2019-06-18 17:06:00,6/18/19,17:06:56,0.099,34.1646,0.4,139.7062,0.6,120.9,0.9,3.1,,,,,,,,,,,,
2019-06-18 17:12:00,6/18/19,17:12:37,0.098,36.8466,0.6,141.3157,1,38.8,1.9,1.6,,,,,,,,,,,,
2019-06-18 17:13:00,6/18/19,17:13:05,0.023,35.9033,0.2,137.6283,0.2,8.2,0.5,0.7,,,,,,,,,,,,
2019-06-18 17:19:00,6/18/19,17:19:27,0.206,35.4411,1.4,136.3051,1.2,10.5,2.6,0.4,,,,,,,,,,,,
2019-06-18 17:19:00,6/18/19,17:19:52,0.135,32.6156,1.5,132.2598,0.4,31.6,1,1.3,,,,,,,,,,,,
2019-06-18 17:25:00,6/18/19,17:25:02,0.051,36.3243,0.3,140.0401,0.3,72.9,0.4,1.4,,,,,,,,,,,,
2019-06-18 17:27:00,6/18/19,17:27:37,0.095,38.3882,0.8,142.136,0.7,30.1,0.9,2,,,,,,,,,,,,
2019-06-18 17:41:00,6/18/19,17:41:57,0.288,43.0382,3.4,144.4505,1.7,127,2.2,1.9,,,,,,,,,,,,
2019-06-18 17:46:00,6/18/19,17:46:27,0.129,34.1705,0.7,135.7961,0.8,60.2,1,1.2,,,,,,,,,,,,
2019-06-18 17:50:00,6/18/19,17:50:04,0.05,32.7396,0.2,130.64,0.4,13,0.6,0.3,,,,,,,,,,,,
2019-06-18 18:00:00,6/18/19,18:00:45,0.023,35.2071,0.2,133.1018,0.1,8,0.4,0.9,,,,,,,,,,,,
2019-06-18 18:07:00,6/18/19,18:07:04,0.096,39.4019,0.5,141.0985,0.5,93.9,0.8,1.7,,,,,,,,,,,,
2019-06-18 18:13:00,6/18/19,18:13:40,0.019,35.9081,0.2,137.6252,0.1,8.5,0.4,1,,,,,,,,,,,,
2019-06-18 18:18:00,6/18/19,18:18:14,0.024,36.9281,0.2,139.3949,0.2,3.2,0.8,1.3,,,,,,,,,,,,
2019-06-18 18:21:00,6/18/19,18:21:08,0.164,43.3398,4.6,147.0594,1,13,1.7,2.8,,,,,,,,,,,,
2019-06-18 18:22:00,6/18/19,18:22:49,0.014,36.9276,0.1,139.3969,0.1,3.7,0.5,1.1,,,,,,,,,,,,
2019-06-18 18:37:00,6/18/19,18:37:42,0.094,37.3626,0.4,138.3589,0.6,26.5,1.7,1.5,,,,,,,,,,,,
2019-06-18 18:38:00,6/18/19,18:38:22,0.057,35.2176,0.4,133.3054,0.3,6,1.1,0.5,,,,,,,,,,,,
2019-06-18 18:42:00,6/18/19,18:42:07,0.318,41.3509,2.7,141.6246,3,113.2,1.9,2,,,,,,,,,,,,
2019-06-18 18:42:00,6/18/19,18:42:28,0.187,37.3522,1.2,138.3526,1.4,34.7,3,1.4,,,,,,,,,,,,
2019-06-18 18:58:00,6/18/19,18:58:26,0.145,31.9352,0.8,130.6103,1.3,194.6,1.2,3,,,,,,,,,,,,
2019-06-18 18:58:00,6/18/19,18:58:27,0.039,35.7094,0.2,138.1458,0.2,18.8,0.5,0.7,,,,,,,,,,,,
2019-06-18 19:02:00,6/18/19,19:02:05,0.07,36.7842,0.5,138.3851,0.5,8.1,1.3,1.1,,,,,,,,,,,,
2019-06-18 19:19:00,6/18/19,19:19:46,0.058,33.4195,0.3,131.5771,0.3,112.9,0.5,2.5,,,,,,,,,,,,
2019-06-18 19:21:00,6/18/19,19:21:14,0.054,34.9388,0.3,137.1097,0.3,38.5,0.5,1.1,,,,,,,,,,,,
2019-06-18 19:27:00,6/18/19,19:27:55,0.091,37.4891,0.6,140.6149,1,84.2,0.7,1.6,,,,,,,,,,,,
2019-06-18 19:35:00,6/18/19,19:35:50,0.119,37.3616,0.4,138.8594,0.7,17.3,1.1,1.1,,,,,,,,,,,,
2019-06-18 19:41:00,6/18/19,19:41:17,0.049,36.4164,0.3,140.5755,0.4,89.6,0.4,2.1,,,,,,,,,,,,
2019-06-18 19:45:00,6/18/19,19:45:50,0.088,37.4733,0.4,141.3123,0.8,29.9,0.6,1.8,,,,,,,,,,,,
2019-06-18 19:47:00,6/18/19,19:47:56,0.06,36.6619,0.4,138.2217,0.4,8.4,1,1,,,,,,,,,,,,
2019-06-18 19:58:00,6/18/19,19:58:23,0.045,36.3315,0.3,136.9508,0.3,8.2,0.7,0.5,,,,,,,,,,,,
2019-06-18 20:05:00,6/18/19,20:05:36,0.134,38.9587,0.6,142.4237,0.8,27,1,1.5,,,,,,,,,,,,
2019-06-18 20:16:00,6/18/19,20:16:25,0.18,42.6286,1.3,144.3873,0.8,73.5,2.1,2.1,,,,,,,,,,,,
2019-06-18 20:23:00,6/18/19,20:23:27,0.07,35.9319,0.4,137.5904,0.4,8.1,0.8,0,,,,,,,,,,,,
2019-06-18 20:31:00,6/18/19,20:31:16,0.026,37.0735,0.2,140.5153,0.2,8,0.6,1.2,,,,,,,,,,,,
2019-06-18 20:33:00,6/18/19,20:33:19,0.018,36.9291,0.1,139.3968,0.1,3.8,0.5,1.1,,,,,,,,,,,,
2019-06-18 20:34:00,6/18/19,20:34:07,0.048,40.6439,0.3,140.4532,0.3,8.7,0.8,1.2,,,,,,,,,,,,
2019-06-18 20:36:00,6/18/19,20:36:12,0.266,33.0027,1.2,130.6011,0.9,12.7,2.5,0.2,,,,,,,,,,,,
2019-06-18 20:39:00,6/18/19,20:39:25,0.035,39.7419,0.2,141.8229,0.2,58,0.3,2,,,,,,,,,,,,
2019-06-18 20:39:00,6/18/19,20:39:28,0.075,36.6878,0.3,140.6625,0.5,9.2,0.5,0.4,,,,,,,,,,,,
2019-06-18 20:46:00,6/18/19,20:46:24,0.117,42.8577,1.4,145.6921,0.8,39.8,2.4,2.5,,,,,,,,,,,,
2019-06-18 20:50:00,6/18/19,20:50:38,0.042,36.9255,0.3,139.4002,0.3,1.3,2.1,0.5,,,,,,,,,,,,
2019-06-18 20:55:00,6/18/19,20:55:11,0.02,32.9434,0.2,131.0568,0.1,7.1,0.4,1.5,,,,,,,,,,,,
2019-06-18 20:58:00,6/18/19,20:58:00,0.06,36.9316,0.4,139.396,0.3,3.5,1.5,0.6,,,,,,,,,,,,
2019-06-18 20:58:00,6/18/19,20:58:26,0.058,36.9494,0.3,139.6783,0.3,7,0.7,0.4,,,,,,,,,,,,
2019-06-18 21:02:00,6/18/19,21:02:33,0.09,35.1815,0.3,139.1241,0.6,13.1,0.8,0.2,,,,,,,,,,,,
2019-06-18 21:06:00,6/18/19,21:06:00,0.346,30.4223,1.7,131.0996,3.5,35.3,2.5,1.7,,,,,,,,,,,,
2019-06-18 21:07:00,6/18/19,21:07:01,0.13,30.4106,0.8,131.1235,1.3,36,0.8,2.2,,,,,,,,,,,,
2019-06-18 21:13:00,6/18/19,21:13:23,0.038,35.9012,0.3,137.6268,0.2,8,0.5,0.4,,,,,,,,,,,,
2019-06-18 21:19:00,6/18/19,21:19:19,0.042,35.145,0.2,135.6522,0.2,12.5,0.5,0.4,,,,,,,,,,,,
2019-06-18 21:23:00,6/18/19,21:23:56,0.074,35.7396,0.4,139.3199,0.5,46.5,0.6,1.3,,,,,,,,,,,,
2019-06-18 21:25:00,6/18/19,21:25:20,0.451,37.275,2.3,141.8116,2.6,18,3.1,1.7,,,,,,,,,,,,
2019-06-18 21:26:00,6/18/19,21:26:33,0.06,36.4715,0.2,137.2906,0.4,12,0.7,0.4,,,,,,,,,,,,
2019-06-18 21:28:00,6/18/19,21:28:07,0.038,32.4224,0.3,130.6064,0.3,3.4,1.9,0.2,,,,,,,,,,,,
2019-06-18 21:33:00,6/18/19,21:33:20,0.041,33.1985,0.3,132.2375,0.2,42.5,0.4,1.9,,,,,,,,,,,,
2019-06-18 21:35:00,6/18/19,21:35:06,0.137,36.8669,0.3,140.7702,1,8.4,0.9,0.3,,,,,,,,,,,,
2019-06-18 21:46:00,6/18/19,21:46:31,0.041,38.3912,0.3,141.9955,0.5,44.6,0.5,1.9,,,,,,,,,,,,
2019-06-18 21:54:00,6/18/19,21:54:34,0.036,35.6389,0.2,138.166,0.2,10.7,0.8,0.6,,,,,,,,,,,,
2019-06-18 21:55:00,6/18/19,21:55:19,0.049,36.0462,0.3,137.5397,0.3,5.1,1.1,-0.3,,,,,,,,,,,,
2019-06-18 22:00:00,6/18/19,22:00:27,0.133,41.8681,0.8,139.3331,0.5,9,1.1,1.1,,,,,,,,,,,,
2019-06-18 22:01:00,6/18/19,22:01:16,0.051,31.9788,0.3,130.2516,0.3,5.9,0.7,0.5,,,,,,,,,,,,
2019-06-18 22:01:00,6/18/19,22:01:44,0.067,34.1735,0.3,135.1748,0.4,7.4,0.8,0.7,,,,,,,,,,,,
2019-06-18 22:06:00,6/18/19,22:06:28,0.044,38.9502,0.3,140.8787,0.3,6.5,0.8,0.8,,,,,,,,,,,,
2019-06-18 22:22:00,6/18/19,22:22:20,0.025,38.6059,0.2,139.4881,0.2,12.3,0.4,6.6,,,,,,,,,,,,
2019-06-18 22:24:00,6/18/19,22:24:50,0.082,38.6169,0.5,139.4202,0.4,9,1.3,4,,,,,,,,,,,,
2019-06-18 22:25:00,6/18/19,22:25:13,0.073,38.5981,0.4,139.4545,0.3,12.1,0.7,4.1,,,,,,,,,,,,
2019-06-18 22:28:00,6/18/19,22:28:37,0.079,36.3165,0.4,140.8503,0.8,44.5,0.6,3,,,,,,,,,,,,
2019-06-18 22:28:00,6/18/19,22:28:49,0.143,38.6705,0.9,139.4771,0.6,12.2,1.4,3.5,,,,,,,,,,,,
2019-06-18 22:29:00,6/18/19,22:29:01,0.247,38.5922,1.8,139.4021,0.8,8.7,3.3,3.8,,,,,,,,,,,,
2019-06-18 22:29:00,6/18/19,22:29:37,0.051,34.5541,0.3,136.0718,0.2,38.3,0.5,2.1,,,,,,,,,,,,
2019-06-18 22:29:00,6/18/19,22:29:48,0.056,38.6476,0.4,139.51,0.3,13.1,0.6,3.4,,,,,,,,,,,,
2019-06-18 22:30:00,6/18/19,22:30:14,0.073,38.6219,0.5,139.4535,0.3,11,0.9,3.4,,,,,,,,,,,,
2019-06-18 22:30:00,6/18/19,22:30:40,0.054,38.6073,0.3,139.4777,0.2,12.6,0.5,3.2,,,,,,,,,,,,
2019-06-18 22:32:00,6/18/19,22:32:12,0.028,34.9094,0.1,135.6504,0.2,11,0.4,1.6,,,,,,,,,,,,
2019-06-18 22:33:00,6/18/19,22:33:35,0.092,36.3132,0.4,141.0044,0.9,38.4,1.1,2.8,,,,,,,,,,,,
2019-06-18 22:37:00,6/18/19,22:37:03,0.057,38.6132,0.3,139.4509,0.3,11.1,0.8,3.2,,,,,,,,,,,,
2019-06-18 22:37:00,6/18/19,22:37:21,0.043,38.6185,0.3,139.4516,0.2,10.5,0.6,3.9,,,,,,,,,,,,
2019-06-18 22:37:00,6/18/19,22:37:47,0.041,38.6316,0.3,139.4623,0.2,12.3,0.5,3.2,,,,,,,,,,,,
2019-06-18 22:40:00,6/18/19,22:40:51,0.077,38.5769,0.5,139.4106,0.4,10.2,1,3.3,,,,,,,,,,,,
2019-06-18 22:41:00,6/18/19,22:41:23,0.059,38.5962,0.3,139.4055,0.3,11.4,0.8,4.3,,,,,,,,,,,,
2019-06-18 22:42:00,6/18/19,22:42:48,0.621,35.2953,3.2,133.4404,3.4,23.6,2.8,0.5,,,,,,,,,,,,
2019-06-18 22:47:00,6/18/19,22:47:27,0.083,38.6355,0.4,139.4945,0.5,12.6,0.9,2.7,,,,,,,,,,,,
2019-06-18 22:49:00,6/18/19,22:49:05,0.047,38.6453,0.3,139.456,0.2,13.3,0.6,2.4,,,,,,,,,,,,
2019-06-18 22:49:00,6/18/19,22:49:29,0.096,38.6358,0.6,139.4451,0.4,12.3,1,2.3,,,,,,,,,,,,
2019-06-18 22:51:00,6/18/19,22:51:23,0.032,38.6034,0.2,139.4528,0.2,11,0.4,3,,,,,,,,,,,,
2019-06-18 22:51:00,6/18/19,22:51:23,0.072,38.5974,0.5,139.4522,0.4,10.7,0.9,3.1,,,,,,,,,,,,
2019-06-18 22:55:00,6/18/19,22:55:10,0.023,36.8116,0.1,140.5422,0.2,9.1,0.3,0.8,,,,,,,,,,,,
2019-06-18 22:55:00,6/18/19,22:55:14,0.19,38.6755,0.9,139.4982,1.7,11.6,2.7,2.7,,,,,,,,,,,,
2019-06-18 22:55:00,6/18/19,22:55:27,0.099,38.5579,0.5,139.4085,0.5,10.4,1.3,2.8,,,,,,,,,,,,
2019-06-18 22:56:00,6/18/19,22:56:57,0.087,38.5745,0.4,139.413,0.4,11.3,0.9,2.5,,,,,,,,,,,,
2019-06-18 22:57:00,6/18/19,22:57:04,0.345,38.1715,2.1,139.446,1.9,8.2,3.3,1.8,,,,,,,,,,,,
2019-06-18 22:58:00,6/18/19,22:58:10,0.118,43.0983,2,146.7365,1.2,55.1,2.2,4,,,,,,,,,,,,
2019-06-18 22:58:00,6/18/19,22:58:30,0.141,38.6365,0.6,139.444,0.8,8.7,2,2.5,,,,,,,,,,,,
2019-06-18 23:00:00,6/18/19,23:00:13,0.036,38.6117,0.2,139.4278,0.2,12.2,0.5,2.6,,,,,,,,,,,,
2019-06-18 23:01:00,6/18/19,23:01:35,0.057,35.1577,0.3,135.8702,0.3,16,0.8,0.4,,,,,,,,,,,,
2019-06-18 23:02:00,6/18/19,23:02:38,0.062,38.5695,0.3,139.3835,0.3,11.2,0.7,2.5,,,,,,,,,,,,
2019-06-18 23:02:00,6/18/19,23:02:40,0.053,36.7552,0.3,140.5788,0.4,7.3,0.8,1,,,,,,,,,,,,
2019-06-18 23:02:00,6/18/19,23:02:45,0.253,38.5523,1.3,139.3864,1.5,10.5,2.8,2.4,,,,,,,,,,,,
2019-06-18 23:04:00,6/18/19,23:04:28,0.082,38.664,0.4,139.4681,0.5,12.7,0.7,2.2,,,,,,,,,,,,
2019-06-18 23:05:00,6/18/19,23:05:58,0.051,38.5861,0.3,139.4103,0.3,10.4,0.7,2.8,,,,,,,,,,,,
2019-06-18 23:07:00,6/18/19,23:07:03,0.06,36.5567,0.3,140.475,0.5,65.4,0.5,1.5,,,,,,,,,,,,
2019-06-18 23:07:00,6/18/19,23:07:24,0.028,38.8115,0.2,140.7038,0.2,4.7,0.8,1.8,,,,,,,,,,,,
2019-06-18 23:08:00,6/18/19,23:08:57,0.06,38.5669,0.3,139.3963,0.2,10.5,0.7,2.8,,,,,,,,,,,,
2019-06-18 23:09:00,6/18/19,23:09:34,0.045,38.6554,0.3,139.4461,0.3,10.1,0.8,3.5,,,,,,,,,,,,
2019-06-18 23:10:00,6/18/19,23:10:29,0.053,38.6476,0.3,139.4514,0.3,9.7,0.9,3.3,,,,,,,,,,,,
2019-06-18 23:12:00,6/18/19,23:12:17,0.059,38.6311,0.4,139.4341,0.3,9.4,1,2.9,,,,,,,,,,,,
2019-06-18 23:14:00,6/18/19,23:14:46,0.042,38.6387,0.3,139.4582,0.2,11.7,0.6,3.8,,,,,,,,,,,,
2019-06-18 23:15:00,6/18/19,23:15:51,0.051,38.6719,0.4,139.5088,0.4,12.3,0.9,2.7,,,,,,,,,,,,
2019-06-18 23:17:00,6/18/19,23:17:45,0.025,34.8982,0.2,135.5678,0.2,8.5,0.6,1.1,,,,,,,,,,,,
2019-06-18 23:18:00,6/18/19,23:18:36,0.188,38.5799,1,139.3992,0.6,16,1.5,2.2,,,,,,,,,,,,
2019-06-18 23:19:00,6/18/19,23:19:20,0.05,38.5877,0.3,139.4128,0.3,10.6,0.7,2.5,,,,,,,,,,,,
2019-06-18 23:20:00,6/18/19,23:20:18,0.058,38.6166,0.3,139.5225,0.3,12.2,0.5,2.8,,,,,,,,,,,,
2019-06-18 23:21:00,6/18/19,23:21:09,0.087,38.6773,0.4,139.5335,0.7,13.9,0.9,2.6,,,,,,,,,,,,
2019-06-18 23:22:00,6/18/19,23:22:42,0.053,38.6168,0.4,139.4459,0.3,11.5,0.9,2.2,,,,,,,,,,,,
2019-06-18 23:24:00,6/18/19,23:24:22,0.092,38.6478,0.4,139.4571,0.5,11.7,0.8,2.6,,,,,,,,,,,,
2019-06-18 23:26:00,6/18/19,23:26:10,0.036,32.7913,0.3,130.805,0.2,7.7,0.7,0.4,,,,,,,,,,,,
2019-06-18 23:26:00,6/18/19,23:26:36,0.077,38.6206,0.4,139.4589,0.4,11.7,0.7,2.5,,,,,,,,,,,,
2019-06-18 23:30:00,6/18/19,23:30:27,0.039,38.667,0.2,139.5489,0.3,12.9,0.5,2.3,,,,,,,,,,,,
2019-06-18 23:32:00,6/18/19,23:32:00,0.186,38.6189,0.9,139.4096,0.9,2.3,4.1,2.3,,,,,,,,,,,,
2019-06-18 23:32:00,6/18/19,23:32:48,0.057,35.3948,0.5,133.8478,0.3,6.1,0.7,0.6,,,,,,,,,,,,
2019-06-18 23:33:00,6/18/19,23:33:22,0.1,38.7126,0.4,139.5372,0.7,13.1,0.6,1.6,,,,,,,,,,,,
2019-06-18 23:34:00,6/18/19,23:34:07,0.149,35.6564,0.7,140.1164,0.7,67.5,1.3,1.4,,,,,,,,,,,,
2019-06-18 23:34:00,6/18/19,23:34:12,0.031,38.6004,0.2,139.4223,0.2,10.6,0.4,2.4,,,,,,,,,,,,
2019-06-18 23:36:00,6/18/19,23:36:53,0.451,38.4771,2.5,139.5165,2.1,7.9,2.9,1.6,,,,,,,,,,,,
2019-06-18 23:37:00,6/18/19,23:37:09,0.046,38.5914,0.3,139.3919,0.3,10.8,0.6,2.2,,,,,,,,,,,,
2019-06-18 23:38:00,6/18/19,23:38:49,0.03,38.6146,0.2,139.4301,0.2,8.6,0.5,2.4,,,,,,,,,,,,
2019-06-18 23:41:00,6/18/19,23:41:15,0.047,38.6,0.3,139.4244,0.3,11.2,0.6,3.3,,,,,,,,,,,,
2019-06-18 23:41:00,6/18/19,23:41:17,0.05,33.5139,0.2,134.3885,0.3,29,0.5,1.3,,,,,,,,,,,,
2019-06-18 23:42:00,6/18/19,23:42:48,0.177,36.8085,1,140.6083,1.8,5.3,1.4,0.1,,,,,,,,,,,,
2019-06-18 23:42:00,6/18/19,23:42:53,0.055,38.578,0.3,139.4216,0.3,5.1,1.1,2,,,,,,,,,,,,
2019-06-18 23:44:00,6/18/19,23:44:05,0.041,38.6113,0.3,139.4582,0.2,10.9,0.5,2.4,,,,,,,,,,,,
2019-06-18 23:44:00,6/18/19,23:44:38,0.046,38.6739,0.3,139.5078,0.3,12.8,0.7,1.9,,,,,,,,,,,,
2019-06-18 23:47:00,6/18/19,23:47:04,0.057,38.6392,0.3,139.4405,0.4,11.8,0.7,2.3,,,,,,,,,,,,
2019-06-18 23:48:00,6/18/19,23:48:41,0.084,38.6484,0.4,139.5311,0.5,12.4,0.6,1.9,,,,,,,,,,,,
2019-06-18 23:49:00,6/18/19,23:49:02,0.307,38.5899,2,139.5455,2,39.4,2.5,2.5,,,,,,,,,,,,
2019-06-18 23:50:00,6/18/19,23:50:16,0.055,32.7841,0.3,130.8165,0.3,10.9,0.9,0.4,,,,,,,,,,,,
2019-06-18 23:51:00,6/18/19,23:51:33,0.039,38.569,0.2,139.4036,0.2,10.9,0.5,2,,,,,,,,,,,,
2019-06-18 23:55:00,6/18/19,23:55:15,0.033,38.5989,0.2,139.4041,0.2,10.9,0.4,2.8,,,,,,,,,,,,
2019-06-18 23:56:00,6/18/19,23:56:07,0.097,38.6343,0.6,139.441,0.5,9.5,1.1,1.9,,,,,,,,,,,,
2019-06-18 23:57:00,6/18/19,23:57:50,0.051,38.588,0.3,139.4027,0.3,10.4,0.7,3.5,,,,,,,,,,,,
2019-06-18 23:58:00,6/18/19,23:58:47,0.053,38.6523,0.4,139.4595,0.3,11.4,0.8,2.5,,,,,,,,,,,,
2019-06-18 23:59:00,6/18/19,23:59:52,0.028,38.6081,0.3,139.4288,0.1,10.4,0.4,2.1,,,,,,,,,,,,
2019-06-19 00:01:00,6/19/19,0:01:23,0.059,35.371,0.3,133.7455,0.4,5.1,0.5,0,,,,,,,,,,,,
2019-06-19 00:02:00,6/19/19,0:02:02,0.033,38.6222,0.2,139.4256,0.2,10.1,0.5,2,,,,,,,,,,,,
2019-06-19 00:03:00,6/19/19,0:03:45,0.023,33.0273,0.2,131.1894,0.1,9.7,0.4,0.6,,,,,,,,,,,,
2019-06-19 00:05:00,6/19/19,0:05:27,0.044,38.6236,0.3,139.4183,0.3,9.2,0.7,2.9,,,,,,,,,,,,
2019-06-19 00:06:00,6/19/19,0:06:41,0.086,38.5954,0.5,139.3796,0.3,11.8,0.8,2.3,,,,,,,,,,,,
2019-06-19 00:07:00,6/19/19,0:07:00,0.038,38.6385,0.3,139.4917,0.3,12.5,0.5,3.6,,,,,,,,,,,,
2019-06-19 00:07:00,6/19/19,0:07:44,0.042,38.6326,0.3,139.4247,0.2,9.5,0.7,3,,,,,,,,,,,,
2019-06-19 00:08:00,6/19/19,0:08:32,0.047,38.5672,0.3,139.4067,0.2,10.9,0.6,2,,,,,,,,,,,,
2019-06-19 00:08:00,6/19/19,0:08:54,0.058,36.1828,0.3,137.9747,0.3,9.5,0.7,0.3,,,,,,,,,,,,
2019-06-19 00:10:00,6/19/19,0:10:12,0.036,38.6141,0.2,139.4043,0.2,6.8,0.6,2.5,,,,,,,,,,,,
2019-06-19 00:14:00,6/19/19,0:14:06,0.685,38.2376,3.1,139.5243,3.3,38.5,6.7,2.6,,,,,,,,,,,,
2019-06-19 00:15:00,6/19/19,0:15:57,0.059,38.6326,0.4,139.4141,0.3,9.5,0.9,2.5,,,,,,,,,,,,
2019-06-19 00:15:00,6/19/19,0:15:58,0.171,38.5486,1,139.3843,1.9,32.6,1.8,2.5,,,,,,,,,,,,
2019-06-19 00:16:00,6/19/19,0:16:12,0.06,35.5622,0.3,139.3733,0.3,25.6,0.6,1.6,,,,,,,,,,,,
2019-06-19 00:18:00,6/19/19,0:18:31,0.03,38.6507,0.2,139.4543,0.2,10.4,0.5,2.6,,,,,,,,,,,,
2019-06-19 00:20:00,6/19/19,0:20:20,0.038,38.6167,0.2,139.4515,0.2,10.7,0.5,2.4,,,,,,,,,,,,
2019-06-19 00:21:00,6/19/19,0:21:47,0.784,38.5756,4,139.278,3.7,27.3,5,1.6,,,,,,,,,,,,
2019-06-19 00:22:00,6/19/19,0:22:25,0.067,38.628,0.4,139.4552,0.4,5,1.3,1.7,,,,,,,,,,,,
2019-06-19 00:23:00,6/19/19,0:23:24,0.052,38.6229,0.4,139.4247,0.2,10.6,0.6,1.5,,,,,,,,,,,,
2019-06-19 00:23:00,6/19/19,0:23:59,0.042,38.6164,0.3,139.4267,0.2,10.2,0.7,3.8,,,,,,,,,,,,
2019-06-19 00:25:00,6/19/19,0:25:32,0.057,38.6095,0.4,139.4153,0.3,7,1.1,2.2,,,,,,,,,,,,
2019-06-19 00:26:00,6/19/19,0:26:29,0.346,38.3184,2.1,139.5874,2.2,8.9,3.5,1,,,,,,,,,,,,
2019-06-19 00:27:00,6/19/19,0:27:06,0.041,38.6187,0.3,139.4484,0.2,10.5,0.6,3.2,,,,,,,,,,,,
2019-06-19 00:28:00,6/19/19,0:28:26,0.04,38.5581,0.2,139.4003,0.2,8.7,0.6,2.4,,,,,,,,,,,,
2019-06-19 00:33:00,6/19/19,0:33:03,0.485,38.6607,3.2,139.4287,1.3,8,5.1,1.9,,,,,,,,,,,,
2019-06-19 00:35:00,6/19/19,0:35:10,0.032,38.6256,0.2,139.4302,0.2,10.3,0.5,2.9,,,,,,,,,,,,
2019-06-19 00:38:00,6/19/19,0:38:21,0.072,38.6056,0.6,139.4527,0.3,14.2,0.7,2,,,,,,,,,,,,
2019-06-19 00:39:00,6/19/19,0:39:34,0.042,38.6279,0.3,139.4222,0.3,10,0.7,1.9,,,,,,,,,,,,
2019-06-19 00:41:00,6/19/19,0:41:17,0.351,38.5106,1.7,139.4612,1.8,26.5,3.2,2,,,,,,,,,,,,
2019-06-19 00:42:00,6/19/19,0:42:41,0.252,38.4516,1.3,139.5428,1.4,20.7,2.6,1.9,,,,,,,,,,,,
2019-06-19 00:45:00,6/19/19,0:45:23,0.04,38.5929,0.3,139.432,0.2,12,0.5,1.9,,,,,,,,,,,,
2019-06-19 00:45:00,6/19/19,0:45:49,0.078,39.1655,0.3,142.19,0.7,28.4,0.7,1.4,,,,,,,,,,,,
2019-06-19 00:46:00,6/19/19,0:46:45,0.052,38.6131,0.3,139.4011,0.3,10.5,0.7,1.6,,,,,,,,,,,,
2019-06-19 00:48:00,6/19/19,0:48:16,0.1,38.6157,0.7,139.4417,0.4,0.1,3.2,1.6,,,,,,,,,,,,
2019-06-19 00:49:00,6/19/19,0:49:04,0.113,38.6554,0.7,139.5146,0.7,7.2,2.4,2.3,,,,,,,,,,,,
2019-06-19 00:49:00,6/19/19,0:49:20,0.057,38.6419,0.3,139.4597,0.4,10,0.5,2.5,,,,,,,,,,,,
2019-06-19 00:53:00,6/19/19,0:53:28,0.384,38.5501,1.8,139.3713,1.9,6.5,5.6,1.2,,,,,,,,,,,,
2019-06-19 00:54:00,6/19/19,0:54:49,0.144,32.6751,0.7,130.7145,0.6,15.5,1.5,0.2,,,,,,,,,,,,
2019-06-19 00:56:00,6/19/19,0:56:21,0.324,36.4457,1.4,141.0224,2.6,33.4,4.1,1,,,,,,,,,,,,
2019-06-19 00:57:00,6/19/19,0:57:25,0.044,38.5648,0.3,139.3997,0.2,10.1,0.6,4.6,,,,,,,,,,,,
2019-06-19 00:57:00,6/19/19,0:57:43,0.474,35.8843,2.4,137.7137,2.3,21.4,3.9,0.6,,,,,,,,,,,,
2019-06-19 00:58:00,6/19/19,0:58:45,0.756,35.4203,3.2,133.7609,3.3,13.2,3.9,0.7,,,,,,,,,,,,
2019-06-19 00:58:00,6/19/19,0:58:59,0.124,34.8899,0.7,139.8074,0.4,54.3,1.1,2.1,,,,,,,,,,,,
2019-06-19 01:01:00,6/19/19,1:01:06,0.047,38.5969,0.3,139.3936,0.3,12.2,0.5,2.2,,,,,,,,,,,,
2019-06-19 01:02:00,6/19/19,1:02:54,0.077,35.5516,0.4,139.385,0.4,24.8,0.8,0.9,,,,,,,,,,,,
2019-06-19 01:04:00,6/19/19,1:04:20,0.048,38.6654,0.2,139.4672,0.3,7.7,0.7,2.2,,,,,,,,,,,,
2019-06-19 01:05:00,6/19/19,1:05:41,0.124,34.0587,0.5,135.1509,1,2.2,3.4,0.3,,,,,,,,,,,,
2019-06-19 01:06:00,6/19/19,1:06:14,0.075,38.6134,0.5,139.4494,0.3,10.9,0.7,2.3,,,,,,,,,,,,
2019-06-19 01:06:00,6/19/19,1:06:26,0.043,38.626,0.3,139.4546,0.2,10.8,0.6,3.3,,,,,,,,,,,,
2019-06-19 01:08:00,6/19/19,1:08:10,0.034,38.6434,0.2,139.423,0.2,10,0.6,1.8,,,,,,,,,,,,
2019-06-19 01:09:00,6/19/19,1:09:44,0.043,38.598,0.3,139.4115,0.2,11.2,0.6,2,,,,,,,,,,,,
2019-06-19 01:11:00,6/19/19,1:11:50,0.07,38.6481,0.4,139.4594,0.3,10.6,0.8,1.6,,,,,,,,,,,,
2019-06-19 01:12:00,6/19/19,1:12:15,0.337,38.5866,1.6,139.2532,3.9,34,5.1,2.4,,,,,,,,,,,,
2019-06-19 01:12:00,6/19/19,1:12:27,0.038,37.0413,0.2,139.4695,0.2,11.4,0.8,1.8,,,,,,,,,,,,
2019-06-19 01:14:00,6/19/19,1:14:09,0.27,31.9109,1.4,131.8682,2,27.3,2.3,1.1,,,,,,,,,,,,
2019-06-19 01:15:00,6/19/19,1:15:35,0.534,38.4731,2,139.4952,2.1,18.5,5.6,1.4,,,,,,,,,,,,
2019-06-19 01:16:00,6/19/19,1:16:06,0.294,38.4189,1.6,139.5673,2,5.3,5.8,1,,,,,,,,,,,,
2019-06-19 01:16:00,6/19/19,1:16:45,0.721,38.4615,3,139.5331,4.2,22.1,5.8,1.4,,,,,,,,,,,,
2019-06-19 01:19:00,6/19/19,1:19:22,0.095,36.6859,0.6,140.5572,0.7,5.8,0.7,0.1,,,,,,,,,,,,
2019-06-19 01:21:00,6/19/19,1:21:09,0.04,38.6547,0.3,139.4565,0.3,10.7,0.9,2.2,,,,,,,,,,,,
2019-06-19 01:22:00,6/19/19,1:22:27,0.245,42.5855,1.7,143.5089,1.9,90.8,2,1.8,,,,,,,,,,,,
2019-06-19 01:22:00,6/19/19,1:22:51,0.313,38.435,1.5,139.5247,1.5,11.8,5.2,1,,,,,,,,,,,,
2019-06-19 01:24:00,6/19/19,1:24:15,0.063,38.6012,0.4,139.3853,0.4,11.3,1,1.5,,,,,,,,,,,,
2019-06-19 01:25:00,6/19/19,1:25:26,0.038,38.667,0.2,139.469,0.2,10.8,0.7,2,,,,,,,,,,,,
2019-06-19 01:27:00,6/19/19,1:27:00,0.047,39.3441,0.3,142.0645,0.3,45.9,0.4,2.1,,,,,,,,,,,,
2019-06-19 01:27:00,6/19/19,1:27:01,0.068,38.5874,0.4,139.4562,0.3,9.5,1,1.5,,,,,,,,,,,,
2019-06-19 01:28:00,6/19/19,1:28:20,0.139,38.5733,0.6,139.4159,0.9,12.3,1.3,1.7,,,,,,,,,,,,
2019-06-19 01:29:00,6/19/19,1:29:34,0.034,38.6378,0.2,139.435,0.2,10,0.7,2.4,,,,,,,,,,,,
2019-06-19 01:30:00,6/19/19,1:30:51,0.066,37.0384,0.6,139.4708,0.4,7.3,1,0.5,,,,,,,,,,,,
2019-06-19 01:31:00,6/19/19,1:31:02,0.016,35.9395,0.1,137.6543,0.1,9,0.4,1.3,,,,,,,,,,,,
2019-06-19 01:31:00,6/19/19,1:31:07,0.03,38.6706,0.2,139.4723,0.2,12.3,0.6,2.5,,,,,,,,,,,,
2019-06-19 01:31:00,6/19/19,1:31:40,0.165,37.2164,1,142.6523,2,56.9,7.8,3.1,,,,,,,,,,,,
2019-06-19 01:33:00,6/19/19,1:33:55,0.049,38.586,0.3,139.4152,0.3,8.9,0.8,1.8,,,,,,,,,,,,
2019-06-19 01:35:00,6/19/19,1:35:06,0.059,38.643,0.4,139.5125,0.4,11,1,1.7,,,,,,,,,,,,
2019-06-19 01:35:00,6/19/19,1:35:38,0.074,37.0554,0.3,140.6654,0.5,7.6,1.2,0.5,,,,,,,,,,,,
2019-06-19 01:36:00,6/19/19,1:36:26,0.109,37.225,0.8,142.6362,1.3,65.9,4.3,3,,,,,,,,,,,,
2019-06-19 01:37:00,6/19/19,1:37:41,0.054,38.5988,0.3,139.3938,0.3,11,0.9,1.8,,,,,,,,,,,,
2019-06-19 01:38:00,6/19/19,1:38:27,0.044,34.915,0.2,137.7823,0.2,21.9,0.5,0.9,,,,,,,,,,,,
2019-06-19 01:38:00,6/19/19,1:38:29,0.052,35.9916,0.3,137.5451,0.3,7.4,0.9,0.5,,,,,,,,,,,,
2019-06-19 01:40:00,6/19/19,1:40:22,0.05,38.6479,0.4,139.466,0.3,10.9,1.1,1.4,,,,,,,,,,,,
2019-06-19 01:41:00,6/19/19,1:41:59,0.04,38.582,0.2,139.4116,0.3,11.3,0.6,2.3,,,,,,,,,,,,
2019-06-19 01:43:00,6/19/19,1:43:38,0.152,38.5097,1,139.5225,0.8,11.1,2.5,1.1,,,,,,,,,,,,
2019-06-19 01:44:00,6/19/19,1:44:16,0.043,35.1645,0.3,132.5909,0.2,12.3,0.5,0.7,,,,,,,,,,,,
2019-06-19 01:44:00,6/19/19,1:44:32,0.068,38.5737,0.7,139.4973,0.4,11.6,1,1.5,,,,,,,,,,,,
2019-06-19 01:45:00,6/19/19,1:45:41,0.173,30.8163,0.5,131.4897,1.3,21.3,1.9,3,,,,,,,,,,,,
2019-06-19 01:45:00,6/19/19,1:45:55,0.261,35.7753,0.7,140.7865,1.6,11.4,1.6,1.3,,,,,,,,,,,,
2019-06-19 01:45:00,6/19/19,1:45:57,0.361,38.4443,1.8,139.535,1.6,11.1,5.6,1,,,,,,,,,,,,
2019-06-19 01:49:00,6/19/19,1:49:24,0.517,37.9059,2.9,139.2838,1.7,15,2.7,0.9,,,,,,,,,,,,
2019-06-19 01:52:00,6/19/19,1:52:30,0.118,38.6454,0.5,139.4321,0.5,8.3,1.8,1.6,,,,,,,,,,,,
2019-06-19 01:52:00,6/19/19,1:52:53,0.03,34.8327,0.2,135.6037,0.2,11.2,0.4,0.6,,,,,,,,,,,,
2019-06-19 01:54:00,6/19/19,1:54:23,0.088,38.5809,0.5,139.3527,0.4,8.8,1,1.5,,,,,,,,,,,,
2019-06-19 01:54:00,6/19/19,1:54:58,0.314,38.4757,1.7,139.5344,1.9,23.2,2.4,1.3,,,,,,,,,,,,
2019-06-19 01:55:00,6/19/19,1:55:59,0.046,38.6249,0.3,139.5061,0.3,13.3,0.7,3.2,,,,,,,,,,,,
2019-06-19 01:58:00,6/19/19,1:58:41,0.121,38.5057,0.7,139.5048,0.6,12.8,1.6,1.3,,,,,,,,,,,,
2019-06-19 02:00:00,6/19/19,2:00:32,0.068,38.6188,0.3,139.485,0.4,12,0.8,1.5,,,,,,,,,,,,
2019-06-19 02:02:00,6/19/19,2:02:15,0.139,38.5714,0.7,139.3914,0.6,12.6,1.6,1.3,,,,,,,,,,,,
2019-06-19 02:02:00,6/19/19,2:02:58,0.035,38.6377,0.2,139.4197,0.2,9.3,0.8,2,,,,,,,,,,,,
2019-06-19 02:04:00,6/19/19,2:04:16,0.017,35.7888,0.1,137.9704,0.1,9.1,0.3,0.9,,,,,,,,,,,,
2019-06-19 02:04:00,6/19/19,2:04:35,0.029,38.2827,0.2,141.6663,0.3,50.4,0.2,2,,,,,,,,,,,,
2019-06-19 02:04:00,6/19/19,2:04:44,0.059,38.651,0.3,139.4473,0.5,12.2,1,2.1,,,,,,,,,,,,
2019-06-19 02:06:00,6/19/19,2:06:22,0.175,36.0862,1,137.6102,1,10.9,2,0,,,,,,,,,,,,
2019-06-19 02:07:00,6/19/19,2:07:06,0.099,41.6494,1.2,143.4323,2,19.5,2,1.5,,,,,,,,,,,,
2019-06-19 02:07:00,6/19/19,2:07:56,0.436,39.1085,2.1,140.2135,3.5,15.1,5.3,0.7,,,,,,,,,,,,
2019-06-19 02:10:00,6/19/19,2:10:30,0.043,38.6019,0.2,139.3886,0.3,10.1,0.7,1.8,,,,,,,,,,,,
2019-06-19 02:10:00,6/19/19,2:10:57,0.033,38.6408,0.2,139.4541,0.2,10.6,0.7,2.2,,,,,,,,,,,,
2019-06-19 02:11:00,6/19/19,2:11:39,0.084,38.6643,0.5,139.5146,0.5,11.1,0.9,1.2,,,,,,,,,,,,
2019-06-19 02:14:00,6/19/19,2:14:04,0.065,38.5775,0.4,139.4092,0.3,11.1,0.8,1.6,,,,,,,,,,,,
2019-06-19 02:14:00,6/19/19,2:14:43,0.201,38.5683,1,139.4032,0.9,9.8,2.8,1.3,,,,,,,,,,,,
2019-06-19 02:18:00,6/19/19,2:18:16,0.105,38.4612,0.7,139.485,0.7,14,1.5,1.1,,,,,,,,,,,,
2019-06-19 02:18:00,6/19/19,2:18:32,0.166,38.6132,0.7,139.4396,0.9,10.5,1.8,1.4,,,,,,,,,,,,
2019-06-19 02:21:00,6/19/19,2:21:56,0.147,38.5797,0.9,139.4086,0.6,9,1.9,1.9,,,,,,,,,,,,
2019-06-19 02:22:00,6/19/19,2:22:12,0.03,38.6132,0.2,139.4459,0.2,9.3,0.6,2.2,,,,,,,,,,,,
2019-06-19 02:23:00,6/19/19,2:23:19,0.056,40.0591,0.3,141.8126,0.4,55.6,0.4,2,,,,,,,,,,,,
2019-06-19 02:24:00,6/19/19,2:24:17,0.023,35.4367,0.2,136.333,0.1,15.3,0.3,0.5,,,,,,,,,,,,
2019-06-19 02:28:00,6/19/19,2:28:15,0.55,38.5967,2.1,139.6401,3.9,61.8,4.8,1.6,,,,,,,,,,,,
2019-06-19 02:30:00,6/19/19,2:30:52,0.102,37.0615,0.6,141.3315,1.1,41.8,1.3,1.6,,,,,,,,,,,,
2019-06-19 02:32:00,6/19/19,2:32:51,0.044,38.6289,0.3,139.4469,0.2,12.2,0.7,2.9,,,,,,,,,,,,
2019-06-19 02:32:00,6/19/19,2:32:58,0.366,38.436,2.4,139.8303,1.1,20.9,3.5,2.5,,,,,,,,,,,,
2019-06-19 02:33:00,6/19/19,2:33:53,0.04,38.6275,0.2,139.3684,0.2,10.1,0.7,2.4,,,,,,,,,,,,
2019-06-19 02:35:00,6/19/19,2:35:09,0.038,38.6015,0.2,139.379,0.2,8.2,0.7,1.9,,,,,,,,,,,,
2019-06-19 02:36:00,6/19/19,2:36:23,0.03,38.5686,0.2,139.4132,0.2,8.5,0.5,2.5,,,,,,,,,,,,
2019-06-19 02:39:00,6/19/19,2:39:28,0.045,38.5902,0.3,139.4408,0.2,12.1,0.6,1.9,,,,,,,,,,,,
2019-06-19 02:39:00,6/19/19,2:39:28,0.042,38.5853,0.3,139.4415,0.2,11.1,0.7,1.8,,,,,,,,,,,,
2019-06-19 02:41:00,6/19/19,2:41:33,0.124,35.3911,0.5,139.1772,0.4,15.7,1,0.1,,,,,,,,,,,,
2019-06-19 02:42:00,6/19/19,2:42:07,0.065,38.5783,0.4,139.3889,0.4,10,0.9,1.6,,,,,,,,,,,,
2019-06-19 02:42:00,6/19/19,2:42:33,0.1,38.6377,0.6,139.4317,0.4,10.6,1.6,1.4,,,,,,,,,,,,
2019-06-19 02:44:00,6/19/19,2:44:20,0.084,38.5517,0.4,139.452,0.6,14.1,0.8,1.6,,,,,,,,,,,,
2019-06-19 02:44:00,6/19/19,2:44:51,0.056,38.6797,0.3,139.5564,0.4,14.8,0.8,1.8,,,,,,,,,,,,
2019-06-19 02:46:00,6/19/19,2:46:11,0.65,35.7992,2.7,140.632,3.9,51.5,5.9,1.1,,,,,,,,,,,,
2019-06-19 02:46:00,6/19/19,2:46:20,0.104,38.9319,0.4,140.0861,0.5,19.9,0.9,1,,,,,,,,,,,,
2019-06-19 02:48:00,6/19/19,2:48:35,0.126,38.5611,0.6,139.465,0.5,1.2,3,2.1,,,,,,,,,,,,
2019-06-19 02:49:00,6/19/19,2:49:35,0.016,35.4369,0.1,136.3346,0.1,15.4,0.2,0.8,,,,,,,,,,,,
2019-06-19 02:49:00,6/19/19,2:49:51,0.095,38.5776,0.5,139.4215,0.5,8.2,1.7,1.3,,,,,,,,,,,,
2019-06-19 02:50:00,6/19/19,2:50:16,0.422,38.5681,2.5,139.4169,1.4,8,6.3,1.4,,,,,,,,,,,,
2019-06-19 02:54:00,6/19/19,2:54:45,0.046,38.6523,0.3,139.4521,0.3,11.2,0.9,1.4,,,,,,,,,,,,
2019-06-19 02:55:00,6/19/19,2:55:39,0.057,38.6384,0.3,139.4284,0.4,13.4,0.8,2.1,,,,,,,,,,,,
2019-06-19 02:56:00,6/19/19,2:56:28,0.071,38.6336,0.4,139.4578,0.3,11.2,0.9,1.3,,,,,,,,,,,,
2019-06-19 02:57:00,6/19/19,2:57:14,0.044,38.5834,0.3,139.4067,0.2,10.8,0.6,2.5,,,,,,,,,,,,
2019-06-19 02:58:00,6/19/19,2:58:19,0.033,35.076,0.2,132.9946,0.2,10,0.6,0.5,,,,,,,,,,,,
2019-06-19 02:59:00,6/19/19,2:59:12,0.035,38.6247,0.2,139.4263,0.2,10.4,0.6,2.9,,,,,,,,,,,,
2019-06-19 02:59:00,6/19/19,2:59:14,0.012,34.8991,0.1,135.5703,0.1,8.9,0.3,1.4,,,,,,,,,,,,
2019-06-19 03:00:00,6/19/19,3:00:56,0.223,35.2261,1.1,140.5517,1.6,50.2,2.2,1.5,,,,,,,,,,,,
2019-06-19 03:01:00,6/19/19,3:01:12,0.043,38.5643,0.3,139.4226,0.2,10.6,0.6,2.8,,,,,,,,,,,,
2019-06-19 03:02:00,6/19/19,3:02:03,0.039,35.4345,0.2,136.3308,0.2,15.2,0.4,0.3,,,,,,,,,,,,
2019-06-19 03:02:00,6/19/19,3:02:05,0.033,38.6421,0.2,139.4882,0.2,10.5,0.6,2.9,,,,,,,,,,,,
2019-06-19 03:04:00,6/19/19,3:04:52,0.067,38.633,0.4,139.5085,0.4,11.2,1.1,1.6,,,,,,,,,,,,
2019-06-19 03:06:00,6/19/19,3:06:43,0.037,38.6241,0.3,139.439,0.2,12.1,0.6,1.7,,,,,,,,,,,,
2019-06-19 03:07:00,6/19/19,3:07:17,0.034,38.6367,0.2,139.466,0.2,12.4,0.6,2.1,,,,,,,,,,,,
2019-06-19 03:09:00,6/19/19,3:09:58,0.101,38.5736,0.5,139.4075,0.4,11.2,1.3,1.2,,,,,,,,,,,,
2019-06-19 03:11:00,6/19/19,3:11:51,0.212,38.5864,1.2,139.5321,1.2,9.9,2,1.1,,,,,,,,,,,,
2019-06-19 03:15:00,6/19/19,3:15:01,0.088,38.5701,0.5,139.4049,0.4,10.5,1.2,1.3,,,,,,,,,,,,
2019-06-19 03:15:00,6/19/19,3:15:56,0.202,38.629,1.3,139.4175,0.8,7.2,3.5,1.1,,,,,,,,,,,,
2019-06-19 03:16:00,6/19/19,3:16:40,0.03,38.6356,0.2,139.4447,0.2,9.7,0.6,2.2,,,,,,,,,,,,
2019-06-19 03:19:00,6/19/19,3:19:24,0.265,38.6188,1.4,139.4509,1.7,10.8,3.3,1.2,,,,,,,,,,,,
2019-06-19 03:20:00,6/19/19,3:20:17,0.028,33.1165,0.2,131.1879,0.2,5.8,0.7,0.6,,,,,,,,,,,,
2019-06-19 03:21:00,6/19/19,3:21:42,0.061,38.6593,0.4,139.5202,0.3,13.5,0.8,1.7,,,,,,,,,,,,
2019-06-19 03:23:00,6/19/19,3:23:04,0.067,38.6477,0.5,139.4256,0.4,7.5,1.3,1.8,,,,,,,,,,,,
2019-06-19 03:24:00,6/19/19,3:24:03,0.254,38.3891,1,139.5369,1.8,13.6,2.7,0.6,,,,,,,,,,,,
2019-06-19 03:24:00,6/19/19,3:24:23,0.098,38.6047,0.5,139.4499,0.5,8.9,1.4,1.5,,,,,,,,,,,,
2019-06-19 03:26:00,6/19/19,3:26:47,0.068,38.6362,0.5,139.4648,0.3,11.3,1,1.7,,,,,,,,,,,,
2019-06-19 03:27:00,6/19/19,3:27:54,0.051,38.6144,0.3,139.4757,0.2,13.8,0.7,1.8,,,,,,,,,,,,
2019-06-19 03:29:00,6/19/19,3:29:42,0.031,40.1549,0.2,141.1448,0.2,8.4,0.7,0.7,,,,,,,,,,,,
2019-06-19 03:30:00,6/19/19,3:30:29,0.077,36.5548,0.3,139.3987,0.4,5.9,1.3,0.6,,,,,,,,,,,,
2019-06-19 03:30:00,6/19/19,3:30:33,0.047,38.5685,0.3,139.3962,0.2,10.6,0.6,2.3,,,,,,,,,,,,
2019-06-19 03:31:00,6/19/19,3:31:44,0.128,38.62,0.8,139.4396,0.4,5.9,2.7,1.2,,,,,,,,,,,,
2019-06-19 03:34:00,6/19/19,3:34:33,0.518,38.5408,3.2,139.5915,3.4,29.8,3.9,1.5,,,,,,,,,,,,
2019-06-19 03:40:00,6/19/19,3:40:01,0.013,35.9028,0.1,137.6274,0.1,8.2,0.3,1.4,,,,,,,,,,,,
2019-06-19 03:40:00,6/19/19,3:40:24,0.209,38.6118,1,139.3845,0.7,15.9,1.9,1.1,,,,,,,,,,,,
2019-06-19 03:40:00,6/19/19,3:40:55,0.065,38.5872,0.4,139.4664,0.3,13.1,0.8,1.1,,,,,,,,,,,,
2019-06-19 03:41:00,6/19/19,3:41:50,0.038,36.8064,0.2,140.553,0.4,8.8,0.5,0.1,,,,,,,,,,,,
2019-06-19 03:45:00,6/19/19,3:45:55,0.123,38.5944,0.6,139.4001,0.6,12.1,1.5,1.2,,,,,,,,,,,,
2019-06-19 03:47:00,6/19/19,3:47:13,0.04,36.8058,0.2,140.5493,0.6,8.6,0.6,0.3,,,,,,,,,,,,
2019-06-19 03:49:00,6/19/19,3:49:18,0.04,38.5609,0.2,139.3999,0.2,8.6,0.7,2.3,,,,,,,,,,,,
2019-06-19 03:51:00,6/19/19,3:51:05,0.1,41.8674,2.5,139.2335,1.8,11.4,4.4,1.2,,,,,,,,,,,,
2019-06-19 03:51:00,6/19/19,3:51:37,0.053,38.608,0.3,139.3906,0.3,8.8,0.8,1.8,,,,,,,,,,,,
2019-06-19 03:52:00,6/19/19,3:52:17,0.045,38.5927,0.3,139.3845,0.2,12.3,0.6,2,,,,,,,,,,,,
2019-06-19 03:53:00,6/19/19,3:53:37,0.072,38.6162,0.4,139.3989,0.4,7.3,1.3,1.3,,,,,,,,,,,,
2019-06-19 03:54:00,6/19/19,3:54:04,0.209,38.623,0.9,139.3757,0.6,17,2,2.4,,,,,,,,,,,,
2019-06-19 03:54:00,6/19/19,3:54:22,0.045,38.592,0.3,139.406,0.2,11.5,0.6,3.5,,,,,,,,,,,,
2019-06-19 03:56:00,6/19/19,3:56:36,0.063,36.271,0.4,140.086,0.4,69.7,0.5,1.4,,,,,,,,,,,,
2019-06-19 04:00:00,6/19/19,4:00:04,0.035,38.6564,0.2,139.4457,0.2,10.1,0.8,2,,,,,,,,,,,,
2019-06-19 04:01:00,6/19/19,4:01:51,0.037,38.6128,0.3,139.4112,0.2,11.8,0.6,1.7,,,,,,,,,,,,
2019-06-19 04:03:00,6/19/19,4:03:46,0.051,38.6073,0.3,139.4194,0.3,11.6,0.9,1.5,,,,,,,,,,,,
2019-06-19 04:05:00,6/19/19,4:05:32,0.049,38.6295,0.3,139.4197,0.3,10.7,0.9,2,,,,,,,,,,,,
2019-06-19 04:06:00,6/19/19,4:06:42,0.14,38.5253,0.8,139.4715,0.6,16.2,1.7,1.7,,,,,,,,,,,,
2019-06-19 04:07:00,6/19/19,4:07:07,0.073,38.6405,0.5,139.5045,0.5,11.1,1.4,2,,,,,,,,,,,,
2019-06-19 04:10:00,6/19/19,4:10:41,0.358,38.6093,2.1,139.5098,2.2,12.8,2.8,1,,,,,,,,,,,,
2019-06-19 04:11:00,6/19/19,4:11:14,0.186,38.5835,0.9,139.3957,0.7,10.6,2.3,0.9,,,,,,,,,,,,
2019-06-19 04:12:00,6/19/19,4:12:57,0.019,37.7571,0.1,140.06,0.1,7.9,0.4,1.7,,,,,,,,,,,,
2019-06-19 04:13:00,6/19/19,4:13:59,0.048,38.6114,0.3,139.4363,0.3,12.3,0.7,1.4,,,,,,,,,,,,
2019-06-19 04:16:00,6/19/19,4:16:53,0.136,32.7281,0.6,130.6097,1.1,12.7,1.5,0.1,,,,,,,,,,,,
2019-06-19 04:17:00,6/19/19,4:17:27,0.05,38.6178,0.3,139.3905,0.3,8.7,1,1.6,,,,,,,,,,,,
2019-06-19 04:18:00,6/19/19,4:18:07,0.124,35.5762,0.4,138.1903,0.7,12.6,1.9,0.2,,,,,,,,,,,,
2019-06-19 04:18:00,6/19/19,4:18:16,0.177,38.5884,1,139.4058,0.7,9.5,2,1.1,,,,,,,,,,,,
2019-06-19 04:18:00,6/19/19,4:18:50,0.082,38.6258,0.5,139.4579,0.4,10.7,1.2,1.3,,,,,,,,,,,,
2019-06-19 04:19:00,6/19/19,4:19:31,0.071,38.6809,0.5,139.4933,0.4,12.2,1.2,1.5,,,,,,,,,,,,
2019-06-19 04:21:00,6/19/19,4:21:03,0.035,38.6118,0.2,139.3871,0.2,9.7,0.6,2.8,,,,,,,,,,,,
2019-06-19 04:23:00,6/19/19,4:23:32,0.107,32.7046,0.7,130.6879,0.7,12.6,1.8,0.6,,,,,,,,,,,,
2019-06-19 04:24:00,6/19/19,4:24:09,0.098,38.6844,0.5,139.4263,0.4,12.9,1.3,1.3,,,,,,,,,,,,
2019-06-19 04:24:00,6/19/19,4:24:28,0.05,32.9582,0.4,131.0469,0.3,7.6,0.7,0.3,,,,,,,,,,,,
2019-06-19 04:24:00,6/19/19,4:24:55,0.16,38.6731,0.8,139.5258,0.9,12.3,1.3,1.2,,,,,,,,,,,,
2019-06-19 04:27:00,6/19/19,4:27:53,0.037,38.6152,0.2,139.4515,0.2,10.3,0.7,2.4,,,,,,,,,,,,
2019-06-19 04:31:00,6/19/19,4:31:55,0.037,38.686,0.2,139.5016,0.3,12.7,0.8,1.7,,,,,,,,,,,,
2019-06-19 04:33:00,6/19/19,4:33:21,0.048,38.653,0.3,139.4757,0.3,11.2,0.9,1.4,,,,,,,,,,,,
2019-06-19 04:34:00,6/19/19,4:34:49,0.039,34.9756,0.2,131.9618,0.2,16.6,0.4,0.8,,,,,,,,,,,,
2019-06-19 04:35:00,6/19/19,4:35:09,0.028,38.6379,0.2,139.4484,0.2,9.5,0.6,2.5,,,,,,,,,,,,
2019-06-19 04:39:00,6/19/19,4:39:25,0.35,35.8224,1.8,140.9509,2.4,30.2,2.3,1.1,,,,,,,,,,,,
2019-06-19 04:40:00,6/19/19,4:40:11,0.025,33.7746,0.2,133.5086,0.2,5.8,0.7,1.1,,,,,,,,,,,,
2019-06-19 04:40:00,6/19/19,4:40:27,0.056,38.5961,0.3,139.4044,0.3,9.9,0.9,1.5,,,,,,,,,,,,
2019-06-19 04:42:00,6/19/19,4:42:12,0.147,38.6298,0.8,139.3779,0.4,16.4,1.2,1.3,,,,,,,,,,,,
2019-06-19 04:42:00,6/19/19,4:42:25,0.138,35.8296,0.8,140.9453,1.1,30.2,0.8,1.7,,,,,,,,,,,,
2019-06-19 04:44:00,6/19/19,4:44:16,0.13,35.4033,0.6,139.9084,0.5,110.2,1.1,2,,,,,,,,,,,,
2019-06-19 04:46:00,6/19/19,4:46:31,0.978,38.6727,3.8,139.2792,4.7,8.8,6.4,1.2,,,,,,,,,,,,
2019-06-19 04:47:00,6/19/19,4:47:36,0.287,38.1229,1.5,140.0557,2.9,6.6,6.8,0.2,,,,,,,,,,,,
2019-06-19 04:48:00,6/19/19,4:48:00,0.046,38.6523,0.4,139.4426,0.3,11,1,1.6,,,,,,,,,,,,
2019-06-19 04:48:00,6/19/19,4:48:55,0.289,38.6041,2,139.4974,1.6,7.8,6.2,1.2,,,,,,,,,,,,
2019-06-19 04:50:00,6/19/19,4:50:13,0.376,38.62,2.4,139.4596,0.8,7.6,5.5,0.9,,,,,,,,,,,,
2019-06-19 04:51:00,6/19/19,4:51:18,0.041,38.6454,0.3,139.5012,0.3,12.7,0.7,1.9,,,,,,,,,,,,
2019-06-19 04:54:00,6/19/19,4:54:51,0.05,38.5677,0.3,139.4057,0.3,9,0.8,3.2,,,,,,,,,,,,
2019-06-19 04:57:00,6/19/19,4:57:12,0.558,38.4907,1.7,139.5381,1.9,38.9,7.2,1.4,,,,,,,,,,,,
2019-06-19 04:58:00,6/19/19,4:58:03,0.112,38.5755,0.6,139.4159,0.4,10.5,1.4,1.2,,,,,,,,,,,,
2019-06-19 05:00:00,6/19/19,5:00:00,0.097,38.8648,0.5,139.4346,1,9.3,4.1,2.1,,,,,,,,,,,,
2019-06-19 05:00:00,6/19/19,5:00:32,0.038,36.437,0.2,140.6626,0.3,52.3,0.3,3.3,,,,,,,,,,,,
2019-06-19 05:02:00,6/19/19,5:02:36,0.155,31.6224,0.6,131.5204,1.4,42.1,1.2,1.4,,,,,,,,,,,,
2019-06-19 05:04:00,6/19/19,5:04:30,0.088,35.811,0.4,140.8679,0.5,13.7,0.6,3.3,,,,,,,,,,,,
2019-06-19 05:05:00,6/19/19,5:05:45,0.04,38.6291,0.3,139.421,0.2,11.4,0.7,1.7,,,,,,,,,,,,
2019-06-19 05:06:00,6/19/19,5:06:46,0.028,40.1512,0.2,141.1434,0.2,8.5,0.7,1.3,,,,,,,,,,,,
2019-06-19 05:07:00,6/19/19,5:07:07,0.053,36.6752,0.2,140.6445,0.4,4.9,0.9,0.5,,,,,,,,,,,,
2019-06-19 05:07:00,6/19/19,5:07:12,0.046,32.8631,0.2,130.8354,0.2,12.8,0.7,0.5,,,,,,,,,,,,
2019-06-19 05:07:00,6/19/19,5:07:19,0.059,38.5959,0.4,139.407,0.3,11.9,0.8,1.6,,,,,,,,,,,,
2019-06-19 05:08:00,6/19/19,5:08:22,0.041,38.6373,0.2,139.4498,0.2,11.4,0.7,1.7,,,,,,,,,,,,
2019-06-19 05:13:00,6/19/19,5:13:09,0.046,36.814,0.2,140.5525,0.4,8.6,0.6,0.9,,,,,,,,,,,,
2019-06-19 05:14:00,6/19/19,5:14:53,0.166,38.5855,1,139.401,0.6,12.3,1.8,1.2,,,,,,,,,,,,
2019-06-19 05:16:00,6/19/19,5:16:54,0.044,38.6486,0.3,139.4911,0.3,11,0.8,1.5,,,,,,,,,,,,
2019-06-19 05:17:00,6/19/19,5:17:57,0.077,38.5915,0.4,139.4017,0.4,11.9,0.9,1.6,,,,,,,,,,,,
2019-06-19 05:18:00,6/19/19,5:18:40,0.638,38.647,2.8,139.4865,3.6,10.9,2.6,1.4,,,,,,,,,,,,
2019-06-19 05:19:00,6/19/19,5:19:36,0.083,39.0796,0.4,142.3941,0.5,28.7,0.7,1.6,,,,,,,,,,,,
2019-06-19 05:19:00,6/19/19,5:19:59,0.103,38.5657,0.6,139.397,0.5,11.3,1.2,1.2,,,,,,,,,,,,
2019-06-19 05:21:00,6/19/19,5:21:20,0.03,38.6751,0.2,139.4887,0.2,11.2,0.7,2.3,,,,,,,,,,,,
2019-06-19 05:22:00,6/19/19,5:22:37,0.269,38.5681,1.4,139.3833,1.1,11.4,2.5,1,,,,,,,,,,,,
2019-06-19 05:24:00,6/19/19,5:24:40,0.034,38.6821,0.2,139.4886,0.2,13.3,0.7,1.6,,,,,,,,,,,,
2019-06-19 05:25:00,6/19/19,5:25:57,0.067,38.559,0.4,139.3915,0.3,11.3,0.8,1.5,,,,,,,,,,,,
2019-06-19 05:26:00,6/19/19,5:26:29,0.157,38.6338,1,139.4644,0.5,12.8,1.5,1.4,,,,,,,,,,,,
2019-06-19 05:28:00,6/19/19,5:28:08,0.033,38.6042,0.2,139.4171,0.2,10.8,0.6,1.8,,,,,,,,,,,,
2019-06-19 05:30:00,6/19/19,5:30:04,0.582,38.3778,2.1,139.4199,3.8,15.1,5.2,1.3,,,,,,,,,,,,
2019-06-19 05:31:00,6/19/19,5:31:19,0.081,38.611,0.5,139.3884,0.4,8.8,1.2,1.1,,,,,,,,,,,,
2019-06-19 05:32:00,6/19/19,5:32:44,0.148,36.8372,0.7,138.0553,0.6,6.8,1.5,0.5,,,,,,,,,,,,
2019-06-19 05:36:00,6/19/19,5:36:29,0.055,38.6418,0.3,139.4211,0.3,9.2,1.2,1.5,,,,,,,,,,,,
2019-06-19 05:36:00,6/19/19,5:36:37,0.041,36.7804,0.3,138.3865,0.3,9.1,0.7,1.2,,,,,,,,,,,,
2019-06-19 05:37:00,6/19/19,5:37:26,0.106,37.0366,0.4,141.1956,0.7,16.1,1.4,1.4,,,,,,,,,,,,
2019-06-19 05:40:00,6/19/19,5:40:00,0.151,38.5773,0.9,139.3979,0.9,10.6,2.2,1.4,,,,,,,,,,,,
2019-06-19 05:42:00,6/19/19,5:42:21,0.153,36.6953,0.5,141.583,0.9,25.9,1,1.9,,,,,,,,,,,,
2019-06-19 05:42:00,6/19/19,5:42:24,0.095,38.5634,0.5,139.3963,0.4,10.5,1.1,1.8,,,,,,,,,,,,
2019-06-19 05:42:00,6/19/19,5:42:48,0.067,38.5912,0.4,139.4181,0.2,11.8,0.7,1.5,,,,,,,,,,,,
2019-06-19 05:43:00,6/19/19,5:43:46,0.016,35.8684,0.1,138.1354,0.1,10.8,0.3,1.7,,,,,,,,,,,,
2019-06-19 05:45:00,6/19/19,5:45:55,0.167,38.6231,1,139.4175,0.6,11.6,2,1.1,,,,,,,,,,,,
2019-06-19 05:47:00,6/19/19,5:47:12,0.082,38.5816,0.5,139.4229,0.3,11,1,1.5,,,,,,,,,,,,
2019-06-19 05:47:00,6/19/19,5:47:59,0.038,38.6699,0.2,139.4795,0.3,11.6,0.8,1.7,,,,,,,,,,,,
2019-06-19 05:51:00,6/19/19,5:51:14,0.114,34.9166,0.4,137.7827,0.6,22.9,1,0.5,,,,,,,,,,,,
2019-06-19 05:52:00,6/19/19,5:52:26,0.117,36.7775,0.7,138.3901,0.8,8.7,1.5,0.5,,,,,,,,,,,,
2019-06-19 05:54:00,6/19/19,5:54:04,0.048,38.5654,0.3,139.3979,0.2,11.9,0.6,2.1,,,,,,,,,,,,
2019-06-19 05:55:00,6/19/19,5:55:30,0.06,35.7167,0.3,139.6109,0.3,44.4,0.5,1.4,,,,,,,,,,,,
2019-06-19 05:56:00,6/19/19,5:56:17,0.189,29.2967,1,130.6206,1.2,5,0,3.3,,,,,,,,,,,,
2019-06-19 05:57:00,6/19/19,5:57:03,0.019,36.0524,0.2,137.5884,0.1,5.8,0.6,0.9,,,,,,,,,,,,
2019-06-19 05:58:00,6/19/19,5:58:43,0.007,34.4133,0.1,132.3307,0.1,6.6,0.2,2.5,,,,,,,,,,,,
2019-06-19 05:59:00,6/19/19,5:59:51,0.047,35.9134,0.3,137.6204,0.3,7.9,0.7,0.3,,,,,,,,,,,,
2019-06-19 06:02:00,6/19/19,6:02:52,0.046,36.0559,0.3,137.567,0.3,9,0.8,0.3,,,,,,,,,,,,
2019-06-19 06:05:00,6/19/19,6:05:46,0.032,38.6545,0.2,139.4276,0.2,8.1,1.1,1.6,,,,,,,,,,,,
2019-06-19 06:06:00,6/19/19,6:06:19,0.08,38.627,0.5,139.478,1.1,14.4,2,1.3,,,,,,,,,,,,
2019-06-19 06:09:00,6/19/19,6:09:19,0.101,38.6454,0.5,139.4634,0.5,7,2.4,1.4,,,,,,,,,,,,
2019-06-19 06:11:00,6/19/19,6:11:36,0.045,38.6403,0.2,139.4546,0.3,9.6,0.8,2.1,,,,,,,,,,,,
2019-06-19 06:16:00,6/19/19,6:16:29,0.378,35.59,1.5,141.0419,2.1,13.1,2.1,1.2,,,,,,,,,,,,
2019-06-19 06:18:00,6/19/19,6:18:25,0.095,38.6082,0.6,139.4626,0.4,11.7,1.2,1.4,,,,,,,,,,,,
2019-06-19 06:19:00,6/19/19,6:19:49,0.039,38.613,0.2,139.427,0.2,9.6,0.7,2.3,,,,,,,,,,,,
2019-06-19 06:21:00,6/19/19,6:21:21,0.045,38.6504,0.3,139.457,0.3,11.8,0.9,1.7,,,,,,,,,,,,
2019-06-19 06:22:00,6/19/19,6:22:16,0.057,34.1092,0.3,132.9677,0.3,41.6,0.5,0.9,,,,,,,,,,,,
2019-06-19 06:23:00,6/19/19,6:23:49,0.058,38.629,0.4,139.454,0.3,11.7,0.8,1.4,,,,,,,,,,,,
2019-06-19 06:25:00,6/19/19,6:25:28,0.031,36.1953,0.2,138.0191,0.2,3.8,0.4,-0.2,,,,,,,,,,,,
2019-06-19 06:27:00,6/19/19,6:27:59,0.228,38.696,1.5,139.4862,1.3,20.3,1.9,2.7,,,,,,,,,,,,
2019-06-19 06:28:00,6/19/19,6:28:05,0.034,38.652,0.2,139.4842,0.2,13.2,0.6,2.4,,,,,,,,,,,,
2019-06-19 06:29:00,6/19/19,6:29:32,0.032,38.5605,0.2,139.4,0.2,10.6,0.5,2.4,,,,,,,,,,,,
2019-06-19 06:30:00,6/19/19,6:30:45,0.029,32.5614,0.2,130.6996,0.2,8.1,0.8,1.4,,,,,,,,,,,,
2019-06-19 06:33:00,6/19/19,6:33:23,0.159,38.6506,1.1,139.4324,0.7,9.8,2.2,1.3,,,,,,,,,,,,
2019-06-19 06:35:00,6/19/19,6:35:26,0.143,38.6555,0.9,139.506,0.6,13.5,1.7,1,,,,,,,,,,,,
2019-06-19 06:37:00,6/19/19,6:37:33,0.027,38.6411,0.2,139.4629,0.2,11.1,0.5,3,,,,,,,,,,,,
2019-06-19 06:39:00,6/19/19,6:39:03,0.14,36.8096,0.8,140.5194,2.2,7,3.2,0,,,,,,,,,,,,
2019-06-19 06:40:00,6/19/19,6:40:53,0.094,38.612,0.6,139.4341,0.4,12.5,1.1,1.3,,,,,,,,,,,,
2019-06-19 06:41:00,6/19/19,6:41:48,0.146,38.6246,0.8,139.4342,0.7,7.5,2.4,1.3,,,,,,,,,,,,
2019-06-19 06:42:00,6/19/19,6:42:46,0.034,38.6287,0.2,139.4147,0.2,12.1,0.5,1.8,,,,,,,,,,,,
2019-06-19 06:43:00,6/19/19,6:43:54,0.045,38.6448,0.3,139.4819,0.3,11.3,0.7,1.8,,,,,,,,,,,,
2019-06-19 06:47:00,6/19/19,6:47:41,0.077,38.6063,0.5,139.4288,0.4,11.1,0.9,1,,,,,,,,,,,,
2019-06-19 06:48:00,6/19/19,6:48:31,0.206,38.5804,0.9,139.4044,1.1,7.1,2.3,1.1,,,,,,,,,,,,
2019-06-19 06:50:00,6/19/19,6:50:37,0.061,38.6024,0.4,139.4663,0.3,12.3,0.6,1.3,,,,,,,,,,,,
2019-06-19 06:51:00,6/19/19,6:51:45,0.042,38.5862,0.3,139.4124,0.2,10.3,0.6,2,,,,,,,,,,,,
2019-06-19 06:52:00,6/19/19,6:52:24,0.057,38.5438,0.3,139.4019,0.3,9.4,0.7,1.9,,,,,,,,,,,,
2019-06-19 06:54:00,6/19/19,6:54:09,0.06,38.7724,0.3,142.022,0.7,38.8,0.9,1.4,,,,,,,,,,,,
2019-06-19 06:54:00,6/19/19,6:54:53,0.065,38.0321,0.3,139.4945,0.3,15.4,0.7,0.9,,,,,,,,,,,,
2019-06-19 06:55:00,6/19/19,6:55:51,0.052,33.8382,0.2,131.4064,0.3,17.4,0.9,0.8,,,,,,,,,,,,
2019-06-19 06:55:00,6/19/19,6:55:57,0.559,38.6054,3,139.5021,2.8,17.9,5.3,1.4,,,,,,,,,,,,
2019-06-19 06:56:00,6/19/19,6:56:38,0.223,38.6305,1.2,139.4524,1,12.9,2.4,2.2,,,,,,,,,,,,
2019-06-19 06:56:00,6/19/19,6:56:43,0.038,38.6453,0.2,139.459,0.2,10.3,0.6,2.3,,,,,,,,,,,,
2019-06-19 07:00:00,6/19/19,7:00:07,0.166,38.6026,1,139.4099,0.5,12.3,1.4,1.2,,,,,,,,,,,,
2019-06-19 07:03:00,6/19/19,7:03:32,0.044,38.6075,0.3,139.4284,0.2,10.2,0.5,1.5,,,,,,,,,,,,
2019-06-19 07:08:00,6/19/19,7:08:49,0.057,38.6469,0.4,139.486,0.3,11.5,0.8,1.4,,,,,,,,,,,,
2019-06-19 07:11:00,6/19/19,7:11:00,0.071,34.116,0.4,135.7223,0.4,55.3,0.6,1.3,,,,,,,,,,,,
2019-06-19 07:11:00,6/19/19,7:11:15,0.059,38.5975,0.4,139.3792,0.2,9.8,0.7,1.3,,,,,,,,,,,,
2019-06-19 07:13:00,6/19/19,7:13:55,0.053,38.7082,0.3,139.5168,0.5,11.8,0.8,1.6,,,,,,,,,,,,
2019-06-19 07:15:00,6/19/19,7:15:18,0.309,38.5394,1.5,139.4767,1.1,23,2.8,1.2,,,,,,,,,,,,
2019-06-19 07:15:00,6/19/19,7:15:51,0.097,38.6514,0.5,139.4824,0.6,11.2,1,1.5,,,,,,,,,,,,
2019-06-19 07:21:00,6/19/19,7:21:17,0.094,38.5747,0.6,139.3844,0.4,10.9,0.9,1.5,,,,,,,,,,,,
2019-06-19 07:22:00,6/19/19,7:22:10,0.065,38.572,0.4,139.3862,0.3,11.3,0.7,1.8,,,,,,,,,,,,
2019-06-19 07:23:00,6/19/19,7:23:47,0.028,38.678,0.2,139.4731,0.2,12.1,0.5,2.1,,,,,,,,,,,,
2019-06-19 07:27:00,6/19/19,7:27:09,0.11,38.638,0.5,139.4286,0.7,9.5,1.5,1.3,,,,,,,,,,,,
2019-06-19 07:28:00,6/19/19,7:28:09,0.4,38.508,2.1,139.5267,2.2,25.9,3.1,1.6,,,,,,,,,,,,
2019-06-19 07:29:00,6/19/19,7:29:51,0.224,38.5927,1.2,139.4021,1.7,14.5,2.3,0.8,,,,,,,,,,,,
2019-06-19 07:30:00,6/19/19,7:30:02,0.081,34.7815,0.5,138.7154,0.4,8.8,0.8,1,,,,,,,,,,,,
2019-06-19 07:30:00,6/19/19,7:30:47,0.1,38.6172,0.6,139.4293,0.5,8.7,1.4,1.2,,,,,,,,,,,,
2019-06-19 07:31:00,6/19/19,7:31:50,0.069,38.6253,0.4,139.5086,0.3,5.9,0.9,1.4,,,,,,,,,,,,
2019-06-19 07:33:00,6/19/19,7:33:28,0.114,38.6263,0.7,139.3924,0.4,12,1.3,1.5,,,,,,,,,,,,
2019-06-19 07:36:00,6/19/19,7:36:34,0.112,35.8701,0.9,137.6044,0.7,2.1,3.8,0.4,,,,,,,,,,,,
2019-06-19 07:38:00,6/19/19,7:38:37,0.116,38.6546,0.7,139.4959,0.6,12.2,0.8,1.4,,,,,,,,,,,,
2019-06-19 07:43:00,6/19/19,7:43:20,0.238,38.6371,1.4,139.5252,1.3,10.7,3.1,1.3,,,,,,,,,,,,
2019-06-19 07:44:30,6/19/19,7:44:30,0.039,35.5143,0.3,136.3247,0.2,10.8,0.6,0.7,,,,,,,,,,,,
2019-06-19 07:45:10,6/19/19,7:45:10,0.766,38.6898,4.4,139.4193,4.4,11.9,7,1.4,,,,,,,,,,,,
2019-06-19 07:45:37,6/19/19,7:45:37,0.041,38.6363,0.3,139.458,0.2,11,0.6,1.8,,,,,,,,,,,,
2019-06-19 07:46:07,6/19/19,7:46:07,0.008,34.5224,0.1,132.1734,0,9.5,0.2,2.6,,,,,,,,,,,,
2019-06-19 07:46:35,6/19/19,7:46:35,0.106,38.6198,0.6,139.4767,0.7,12.5,0.9,1.3,,,,,,,,,,,,
2019-06-19 07:49:15,6/19/19,7:49:15,0.145,38.5756,0.7,139.399,0.6,11,1.6,1.3,,,,,,,,,,,,
2019-06-19 07:51:09,6/19/19,7:51:09,0.056,33.8841,0.3,135.3332,0.2,11.1,0.7,0.5,,,,,,,,,,,,
2019-06-19 07:51:17,6/19/19,7:51:17,0.07,32.8419,0.5,130.8293,0.3,10.8,1.1,0.3,,,,,,,,,,,,
2019-06-19 07:52:57,6/19/19,7:52:57,0.065,32.9963,0.4,131.0953,0.4,7.7,1.2,0.7,,,,,,,,,,,,
2019-06-19 07:56:28,6/19/19,7:56:28,0.105,38.5789,0.6,139.4395,0.4,12.2,0.9,1.1,,,,,,,,,,,,
2019-06-19 08:00:14,6/19/19,8:00:14,0.098,38.6643,0.6,139.4499,0.4,12.2,1.2,1.6,,,,,,,,,,,,
2019-06-19 08:00:31,6/19/19,8:00:31,0.232,38.447,1.3,139.5558,1.3,6.6,2.7,1.6,,,,,,,,,,,,
2019-06-19 08:03:48,6/19/19,8:03:48,0.043,38.6403,0.3,139.4607,0.2,12.2,0.5,1.6,,,,,,,,,,,,
2019-06-19 08:05:01,6/19/19,8:05:01,0.04,35.1726,0.3,132.5904,0.3,8.8,0.6,0.9,,,,,,,,,,,,
2019-06-19 08:05:07,6/19/19,8:05:07,0.808,38.5253,3.3,139.5433,2.9,10.5,8.6,0.8,,,,,,,,,,,,
2019-06-19 08:06:47,6/19/19,8:06:47,0.06,38.6025,0.4,139.4611,0.3,11.1,0.6,1.5,,,,,,,,,,,,
2019-06-19 08:09:26,6/19/19,8:09:26,0.495,38.6749,3.2,139.3558,1.6,15.6,4.1,1.6,,,,,,,,,,,,
2019-06-19 08:12:18,6/19/19,8:12:18,0.05,38.5983,0.3,139.4553,0.2,11.7,0.6,1.8,,,,,,,,,,,,
2019-06-19 08:16:34,6/19/19,8:16:34,0.045,38.579,0.3,139.418,0.2,9.7,0.6,1.9,,,,,,,,,,,,
2019-06-19 08:18:36,6/19/19,8:18:36,0.061,36.5728,0.3,139.4119,0.3,7.2,0.9,0.5,,,,,,,,,,,,
2019-06-19 08:22:01,6/19/19,8:22:01,0.123,38.5482,0.6,139.3786,0.4,10,1.5,1.2,,,,,,,,,,,,
2019-06-19 08:22:08,6/19/19,8:22:08,0.144,32.8996,0.8,131.3039,0.9,118.9,1.2,2.2,,,,,,,,,,,,
2019-06-19 08:26:04,6/19/19,8:26:04,0.176,41.0637,0.6,139.25,1.1,14.7,2.1,2.5,,,,,,,,,,,,
2019-06-19 08:27:24,6/19/19,8:27:24,0.103,38.5714,0.5,139.4025,0.6,11.4,0.9,1.3,,,,,,,,,,,,
2019-06-19 08:28:58,6/19/19,8:28:58,0.032,38.6322,0.2,139.4598,0.2,12.4,0.4,1.9,,,,,,,,,,,,
2019-06-19 08:29:42,6/19/19,8:29:42,0.017,36.7836,0.1,140.5775,0.2,9.7,0.2,0.7,,,,,,,,,,,,
2019-06-19 08:32:49,6/19/19,8:32:49,0.079,38.6186,0.4,139.3952,0.5,10,1,1.6,,,,,,,,,,,,
2019-06-19 08:34:10,6/19/19,8:34:10,0.048,38.6536,0.3,139.4905,0.3,11.3,0.5,1.8,,,,,,,,,,,,
2019-06-19 08:45:20,6/19/19,8:45:20,0.041,38.6204,0.2,139.4014,0.2,11.4,0.6,2.1,,,,,,,,,,,,
2019-06-19 08:55:00,6/19/19,8:55:00,0.027,35.5619,0.2,136.1287,0.1,9,0.5,1.1,,,,,,,,,,,,
2019-06-19 08:55:29,6/19/19,8:55:29,0.112,38.6444,0.6,139.4662,0.7,12.4,0.9,1.4,,,,,,,,,,,,
2019-06-19 08:57:58,6/19/19,8:57:58,0.182,38.5735,1.1,139.4036,0.7,11.2,1.9,1,,,,,,,,,,,,
2019-06-19 09:00:18,6/19/19,9:00:18,0.053,36.7998,0.3,140.5894,0.5,7.7,0.6,0.7,,,,,,,,,,,,
2019-06-19 09:00:39,6/19/19,9:00:39,0.045,38.6158,0.3,139.3931,0.3,10.6,0.6,1.9,,,,,,,,,,,,
2019-06-19 09:01:27,6/19/19,9:01:27,0.039,36.4115,0.2,139.1673,0.3,13.3,0.8,1.4,,,,,,,,,,,,
2019-06-19 09:02:02,6/19/19,9:02:02,0.142,37.0801,0.8,140.8023,1.4,0.8,3.3,0.6,,,,,,,,,,,,
2019-06-19 09:04:28,6/19/19,9:04:28,0.033,38.633,0.2,139.4432,0.2,10.7,0.5,1.8,,,,,,,,,,,,
2019-06-19 09:07:30,6/19/19,9:07:30,0.068,38.6142,0.5,139.4326,0.3,9.9,0.7,1.5,,,,,,,,,,,,
2019-06-19 09:09:43,6/19/19,9:09:43,0.051,38.587,0.3,139.4143,0.2,11.1,0.6,2.4,,,,,,,,,,,,
2019-06-19 09:11:12,6/19/19,9:11:12,0.075,38.6003,0.5,139.3809,0.4,10.8,0.7,1.9,,,,,,,,,,,,
2019-06-19 09:20:11,6/19/19,9:20:11,0.046,36.2821,0.3,139.9237,0.2,67.6,0.4,1.6,,,,,,,,,,,,
2019-06-19 09:21:42,6/19/19,9:21:42,0.043,38.6422,0.3,139.4307,0.3,9.9,0.7,1.8,,,,,,,,,,,,
2019-06-19 09:23:19,6/19/19,9:23:19,0.045,38.6549,0.3,139.4617,0.3,11.4,0.8,1.6,,,,,,,,,,,,
2019-06-19 09:31:09,6/19/19,9:31:09,0.024,36.7133,0.1,140.6099,0.2,7.3,0.3,1.8,,,,,,,,,,,,
2019-06-19 09:33:08,6/19/19,9:33:08,0.281,38.576,1.3,139.4328,1.5,12.1,1.9,1.1,,,,,,,,,,,,
2019-06-19 09:35:57,6/19/19,9:35:57,0.254,35.7335,0.7,140.8743,1.5,10.8,1.3,1.5,,,,,,,,,,,,
2019-06-19 09:36:05,6/19/19,9:36:05,0.1,35.882,0.7,137.7361,0.6,5.5,2,0.2,,,,,,,,,,,,
2019-06-19 09:38:28,6/19/19,9:38:28,0.213,36.5991,0.7,141.4778,1.3,20.5,1.5,2,,,,,,,,,,,,
2019-06-19 09:50:24,6/19/19,9:50:24,0.046,38.5714,0.3,139.3936,0.2,11.9,0.5,2.3,,,,,,,,,,,,
2019-06-19 09:50:41,6/19/19,9:50:41,0.153,38.6149,0.7,139.4841,0.5,12.4,1.2,1.9,,,,,,,,,,,,
2019-06-19 09:50:55,6/19/19,9:50:55,0.049,38.6461,0.3,139.4696,0.3,12.6,0.7,2.1,,,,,,,,,,,,
2019-06-19 09:52:37,6/19/19,9:52:37,0.111,38.6504,0.7,139.4565,0.7,11.5,1.3,1.3,,,,,,,,,,,,
2019-06-19 09:53:44,6/19/19,9:53:44,0.118,38.6553,0.6,139.506,0.8,12.5,1,1.5,,,,,,,,,,,,
2019-06-19 09:54:45,6/19/19,9:54:45,0.033,33.8857,0.2,135.3304,0.2,11.8,0.4,1,,,,,,,,,,,,
2019-06-19 09:56:01,6/19/19,9:56:01,0.06,38.6887,0.3,139.5107,0.5,11.5,0.8,1.6,,,,,,,,,,,,
2019-06-19 09:56:52,6/19/19,9:56:52,0.05,38.6287,0.3,139.4539,0.2,12.2,0.7,1.9,,,,,,,,,,,,
2019-06-19 09:57:44,6/19/19,9:57:44,0.039,38.6022,0.3,139.3807,0.2,12.4,0.5,2.2,,,,,,,,,,,,
2019-06-19 09:59:22,6/19/19,9:59:22,0.058,38.6238,0.4,139.4487,0.3,12,0.8,1.4,,,,,,,,,,,,
2019-06-19 09:59:32,6/19/19,9:59:32,0.084,38.6712,0.5,139.5799,0.4,13.2,0.7,1.6,,,,,,,,,,,,
2019-06-19 09:59:46,6/19/19,9:59:46,0.14,38.8389,0.8,141.0936,0.7,15.1,1.9,1.1,,,,,,,,,,,,
2019-06-19 10:06:19,6/19/19,10:06:19,0.047,38.6562,0.3,139.4915,0.3,11.9,0.8,2.8,,,,,,,,,,,,
2019-06-19 10:07:11,6/19/19,10:07:11,0.14,34.4239,0.6,136.2106,0.5,26.5,1.3,0.7,,,,,,,,,,,,
2019-06-19 10:14:52,6/19/19,10:14:52,0.122,38.5722,0.7,139.4079,0.6,11.2,1.4,1.7,,,,,,,,,,,,
2019-06-19 10:17:58,6/19/19,10:17:58,0.111,38.663,0.6,139.442,0.5,12.3,1,1.4,,,,,,,,,,,,
2019-06-19 10:18:23,6/19/19,10:18:23,0.04,40.367,0.3,140.5664,0.3,6.4,1,0.8,,,,,,,,,,,,
2019-06-19 10:19:06,6/19/19,10:19:06,0.09,38.5647,0.6,139.3982,0.4,10.2,0.9,1.5,,,,,,,,,,,,
2019-06-19 10:20:46,6/19/19,10:20:46,0.079,38.6693,0.4,139.4762,0.5,11.5,0.8,1.6,,,,,,,,,,,,
2019-06-19 10:23:03,6/19/19,10:23:03,0.156,38.6457,0.9,139.4673,0.9,13.2,1.2,1.2,,,,,,,,,,,,
2019-06-19 10:23:44,6/19/19,10:23:44,0.097,38.6819,0.5,139.4964,0.7,11.6,1.1,1.3,,,,,,,,,,,,
2019-06-19 10:26:37,6/19/19,10:26:37,0.065,38.6285,0.4,139.4286,0.3,11.4,0.7,1.6,,,,,,,,,,,,
2019-06-19 10:28:54,6/19/19,10:28:54,0.038,38.6393,0.3,139.4672,0.2,12.1,0.5,1.9,,,,,,,,,,,,
2019-06-19 10:34:10,6/19/19,10:34:10,0.333,34.0502,2.4,135.3608,2.3,6.5,6.2,0.8,,,,,,,,,,,,
2019-06-19 10:35:25,6/19/19,10:35:25,0.066,33.0022,0.4,131.0986,0.4,9.5,1,1,,,,,,,,,,,,
2019-06-19 10:38:18,6/19/19,10:38:18,0.026,35.7111,0.1,138.141,0.1,19.3,0.4,1.6,,,,,,,,,,,,
2019-06-19 10:40:01,6/19/19,10:40:01,0.112,35.7093,0.4,138.1421,0.5,18.7,1.2,0.6,,,,,,,,,,,,
2019-06-19 10:41:40,6/19/19,10:41:40,0.322,38.5525,1.7,139.8238,1.9,10.2,5.2,1.3,,,,,,,,,,,,
2019-06-19 10:42:03,6/19/19,10:42:03,0.247,35.2671,1.6,135.8065,1.4,7.3,3.3,0.2,,,,,,,,,,,,
2019-06-19 10:43:24,6/19/19,10:43:24,0.092,40.1353,0.4,141.5278,0.4,9.2,1.1,0.3,,,,,,,,,,,,
2019-06-19 10:48:38,6/19/19,10:48:38,0.051,38.6322,0.4,139.4282,0.3,10.5,0.7,1.7,,,,,,,,,,,,
2019-06-19 10:52:31,6/19/19,10:52:31,0.084,34.7746,2.2,141.4702,0.6,31.4,1.6,2.7,,,,,,,,,,,,
2019-06-19 10:54:26,6/19/19,10:54:26,0.041,38.6535,0.3,139.5002,0.2,12.6,0.5,1.9,,,,,,,,,,,,
2019-06-19 10:56:01,6/19/19,10:56:01,0.07,38.5656,0.4,139.4034,0.4,10.2,0.9,1.6,,,,,,,,,,,,
2019-06-19 10:57:39,6/19/19,10:57:39,0.028,38.6271,0.2,139.4495,0.1,12.3,0.4,2.1,,,,,,,,,,,,
2019-06-19 11:00:14,6/19/19,11:00:14,0.211,38.5662,1.2,139.4051,0.8,9,2.5,1.2,,,,,,,,,,,,
2019-06-19 11:00:27,6/19/19,11:00:27,0.043,35.0657,0.2,137.8959,0.2,11.3,0.4,0.1,,,,,,,,,,,,
2019-06-19 11:04:06,6/19/19,11:04:06,0.024,33.7653,0.2,135.0016,0.1,38.8,0.3,1.9,,,,,,,,,,,,
2019-06-19 11:04:46,6/19/19,11:04:46,0.175,38.607,1,139.4784,0.9,10,1.2,1.3,,,,,,,,,,,,
2019-06-19 11:04:57,6/19/19,11:04:57,0.237,38.5673,0.8,142.0845,1.8,25.8,3,1.3,,,,,,,,,,,,
2019-06-19 11:14:02,6/19/19,11:14:02,0.447,35.996,1.5,138.0575,1.1,11.7,3.5,-0.2,,,,,,,,,,,,
2019-06-19 11:15:20,6/19/19,11:15:20,0.03,38.6524,0.2,139.462,0.2,12.8,0.4,2.4,,,,,,,,,,,,
2019-06-19 11:16:00,6/19/19,11:16:00,0.152,35.6214,0.4,140.1588,0.6,65.4,1.4,1.9,,,,,,,,,,,,
2019-06-19 11:19:49,6/19/19,11:19:49,0.173,38.6227,1,139.4667,1,13.1,1.2,1.2,,,,,,,,,,,,
2019-06-19 11:28:16,6/19/19,11:28:16,0.181,34.8207,0.6,138.9257,0.9,9.6,1.8,0.2,,,,,,,,,,,,
2019-06-19 11:29:58,6/19/19,11:29:58,0.103,41.8909,0.8,140.5608,0.6,10.5,1.4,1.2,,,,,,,,,,,,
2019-06-19 11:35:48,6/19/19,11:35:48,0.091,31.1735,0.5,131.5993,0.6,23.6,0.8,4.4,,,,,,,,,,,,
2019-06-19 11:43:55,6/19/19,11:43:55,0.034,38.6738,0.2,139.5171,0.2,14,0.4,2.1,,,,,,,,,,,,
2019-06-19 11:45:09,6/19/19,11:45:09,0.314,38.6125,1.7,139.4785,1.8,13.3,1.6,1.1,,,,,,,,,,,,
2019-06-19 11:47:04,6/19/19,11:47:04,0.039,38.5964,0.3,139.4429,0.2,12.5,0.4,2,,,,,,,,,,,,
2019-06-19 11:48:01,6/19/19,11:48:01,0.052,38.5739,0.3,139.4183,0.3,9.2,0.7,1.8,,,,,,,,,,,,
2019-06-19 11:51:49,6/19/19,11:51:49,0.138,36.5856,0.5,137.8514,0.6,12.9,1.3,0.4,,,,,,,,,,,,
2019-06-19 11:52:02,6/19/19,11:52:02,0.073,36.5885,0.3,137.8501,0.4,14,0.7,1.3,,,,,,,,,,,,
2019-06-19 11:56:11,6/19/19,11:56:11,0.195,35.5887,0.9,140.9522,1.2,16.4,1,1.6,,,,,,,,,,,,
2019-06-19 12:05:35,6/19/19,12:05:35,0.04,38.6175,0.2,139.4064,0.2,10.8,0.6,2.3,,,,,,,,,,,,
2019-06-19 12:07:35,6/19/19,12:07:35,0.033,35.9072,0.2,137.6257,0.2,8.6,0.6,0.6,,,,,,,,,,,,
2019-06-19 12:09:38,6/19/19,12:09:38,0.047,35.9017,0.3,137.6293,0.3,7.5,0.5,0.2,,,,,,,,,,,,
2019-06-19 12:10:10,6/19/19,12:10:10,0.136,38.6227,0.7,139.418,1,11,1.8,1.1,,,,,,,,,,,,
2019-06-19 12:11:04,6/19/19,12:11:04,0.326,36.1876,1.2,137.7942,2.3,7.3,3.1,0,,,,,,,,,,,,
2019-06-19 12:13:33,6/19/19,12:13:33,0.071,36.3286,0.4,140.9258,0.7,44.2,0.7,2.4,,,,,,,,,,,,
2019-06-19 12:18:47,6/19/19,12:18:47,0.047,38.6411,0.3,139.4549,0.3,11,0.6,1.6,,,,,,,,,,,,
2019-06-19 12:20:02,6/19/19,12:20:02,0.022,33.4716,0.2,130.7776,0.2,3.5,0.8,1.2,,,,,,,,,,,,
2019-06-19 12:21:24,6/19/19,12:21:24,0.094,38.651,0.5,139.4961,0.6,12.9,0.7,1.4,,,,,,,,,,,,
2019-06-19 12:24:06,6/19/19,12:24:06,0.029,33.4724,0.2,130.7756,0.2,3.2,1,0.7,,,,,,,,,,,,
2019-06-19 12:26:13,6/19/19,12:26:13,0.187,35.3911,0.9,136.7766,1.1,6.7,2.9,0.1,,,,,,,,,,,,
2019-06-19 12:26:28,6/19/19,12:26:28,0.028,38.598,0.2,139.47,0.1,12.5,0.3,2.1,,,,,,,,,,,,
2019-06-19 12:27:30,6/19/19,12:27:30,0.067,35.4382,0.3,139.0767,0.4,15.6,0.6,0.5,,,,,,,,,,,,
2019-06-19 12:28:25,6/19/19,12:28:25,0.063,38.6353,0.4,139.454,0.3,10.2,0.9,1.5,,,,,,,,,,,,
2019-06-19 12:30:52,6/19/19,12:30:52,0.104,40.1359,0.4,141.527,0.5,8,1.6,0.1,,,,,,,,,,,,
2019-06-19 12:38:36,6/19/19,12:38:36,0.028,38.6182,0.2,139.5049,0.1,10.3,0.3,1.9,,,,,,,,,,,,
2019-06-19 12:43:00,6/19/19,12:43:00,0.051,38.6068,0.3,139.4802,0.3,13.6,0.6,1.6,,,,,,,,,,,,
2019-06-19 12:44:04,6/19/19,12:44:04,0.038,33.792,0.4,134.922,0.1,13.2,0.7,0.8,,,,,,,,,,,,
2019-06-19 12:44:17,6/19/19,12:44:17,0.111,36.3463,0.8,139.9529,0.8,79.1,0.9,1.2,,,,,,,,,,,,
2019-06-19 12:46:51,6/19/19,12:46:51,0.069,37.4139,0.5,138.5194,0.5,20.7,1.1,1.4,,,,,,,,,,,,
2019-06-19 12:49:24,6/19/19,12:49:24,0.032,34.5895,0.2,132.2258,0.1,18.3,0.4,0.7,,,,,,,,,,,,
2019-06-19 12:50:28,6/19/19,12:50:28,0.178,38.6485,0.9,139.4347,1.1,8.7,2.4,1.4,,,,,,,,,,,,
2019-06-19 12:50:48,6/19/19,12:50:48,0.124,33.3351,0.8,135.498,0.6,22.7,0.9,1.2,,,,,,,,,,,,
2019-06-19 12:51:18,6/19/19,12:51:18,0.044,39.6267,0.2,142.136,0.4,46.7,0.3,1.3,,,,,,,,,,,,
2019-06-19 12:54:35,6/19/19,12:54:35,0.294,38.5892,1.6,139.4997,1.4,14.7,2.2,1.4,,,,,,,,,,,,
2019-06-19 12:57:55,6/19/19,12:57:55,0.039,38.5661,0.2,139.3934,0.2,11.6,0.4,2,,,,,,,,,,,,
2019-06-19 13:02:50,6/19/19,13:02:50,0.067,38.5659,0.4,139.3829,0.3,10.7,0.7,1.6,,,,,,,,,,,,
2019-06-19 13:06:25,6/19/19,13:06:25,0.039,34.7561,0.1,132.1018,0.2,15.1,0.4,0.5,,,,,,,,,,,,
2019-06-19 13:09:57,6/19/19,13:09:57,0.114,34.7364,0.6,137.8655,0.6,34,0.9,0.8,,,,,,,,,,,,
2019-06-19 13:17:24,6/19/19,13:17:24,0.068,38.6544,0.4,139.4675,0.4,11,0.9,1.6,,,,,,,,,,,,
2019-06-19 13:18:57,6/19/19,13:18:57,0.074,37.0426,0.4,139.3461,0.5,6.6,0.9,0.7,,,,,,,,,,,,
2019-06-19 13:22:24,6/19/19,13:22:24,0.033,37.046,0.2,139.3413,0.2,6.9,0.7,1.3,,,,,,,,,,,,
2019-06-19 13:26:03,6/19/19,13:26:03,0.231,38.6568,1.3,139.4214,1.2,10,2.4,1.4,,,,,,,,,,,,
2019-06-19 13:27:01,6/19/19,13:27:01,0.5,38.6206,2.7,139.4348,3,11.8,3.6,1.3,,,,,,,,,,,,
2019-06-19 13:28:33,6/19/19,13:28:33,0.091,38.617,0.6,139.4258,0.5,9.6,1.1,1.4,,,,,,,,,,,,
2019-06-19 13:29:40,6/19/19,13:29:40,0.034,35.3141,0.2,138.33,0.2,16.7,0.4,1.3,,,,,,,,,,,,
2019-06-19 13:34:34,6/19/19,13:34:34,0.076,35.5359,0.4,139.9994,0.4,19.1,1.2,1.3,,,,,,,,,,,,
2019-06-19 13:37:11,6/19/19,13:37:11,0.06,35.3138,0.3,138.3293,0.3,16.1,0.6,1,,,,,,,,,,,,
2019-06-19 13:43:37,6/19/19,13:43:37,0.063,38.581,0.4,139.4104,0.3,10.1,0.8,1.6,,,,,,,,,,,,
2019-06-19 13:44:11,6/19/19,13:44:11,0.761,38.4288,2.9,139.5985,5,14.9,7.6,0.9,,,,,,,,,,,,
2019-06-19 13:50:47,6/19/19,13:50:47,0.081,38.6171,0.4,139.39,0.5,10.5,0.7,1.5,,,,,,,,,,,,
2019-06-19 13:53:14,6/19/19,13:53:14,0.045,38.5822,0.3,139.4141,0.2,10.1,0.6,1.7,,,,,,,,,,,,
2019-06-19 13:54:32,6/19/19,13:54:32,0.072,38.6172,0.5,139.4201,0.4,11.5,1,1.4,,,,,,,,,,,,
2019-06-19 13:59:18,6/19/19,13:59:18,0.098,35.43,0.4,140.0489,0.5,48.5,0.9,2.1,,,,,,,,,,,,
2019-06-19 14:00:04,6/19/19,14:00:04,0.026,39.0563,0.2,140.8592,0.2,8,0.6,1.6,,,,,,,,,,,,
2019-06-19 14:01:52,6/19/19,14:01:52,0.035,35.4027,0.2,136.8618,0.2,12.4,0.4,0.3,,,,,,,,,,,,
2019-06-19 14:14:48,6/19/19,14:14:48,0.046,38.6116,0.3,139.3698,0.3,8.2,0.8,1.7,,,,,,,,,,,,
2019-06-19 14:15:38,6/19/19,14:15:38,0.018,35.9052,0.1,137.6259,0.1,8.2,0.4,1.2,,,,,,,,,,,,
2019-06-19 14:15:56,6/19/19,14:15:56,0.056,38.6142,0.3,139.3859,0.3,9.8,0.8,3.6,,,,,,,,,,,,
2019-06-19 14:22:31,6/19/19,14:22:31,0.161,38.7778,0.7,141.3601,0.8,5.9,1.5,0,,,,,,,,,,,,
2019-06-19 14:25:29,6/19/19,14:25:29,0.055,38.6461,0.3,139.468,0.3,12.5,0.7,2,,,,,,,,,,,,
2019-06-19 14:25:36,6/19/19,14:25:36,0.08,38.5948,0.4,139.4048,0.3,11.7,0.8,2.2,,,,,,,,,,,,
2019-06-19 14:29:21,6/19/19,14:29:21,0.038,38.626,0.2,139.5071,0.2,7.4,0.6,2,,,,,,,,,,,,
2019-06-19 14:29:48,6/19/19,14:29:48,0.11,38.5525,0.6,139.4311,0.8,11.3,0.9,1.6,,,,,,,,,,,,
2019-06-19 14:30:26,6/19/19,14:30:26,0.107,38.6608,0.5,139.4404,0.8,10.9,1.4,1.5,,,,,,,,,,,,
2019-06-19 14:38:22,6/19/19,14:38:22,0.221,35.7396,0.6,140.9594,1.3,11.3,0.9,1.2,,,,,,,,,,,,
2019-06-19 14:40:31,6/19/19,14:40:31,0.052,38.5889,0.3,139.3965,0.3,10.8,0.6,1.8,,,,,,,,,,,,
2019-06-19 14:41:35,6/19/19,14:41:35,0.119,32.5457,0.7,129.9578,0.5,13.6,1.3,0.7,,,,,,,,,,,,
2019-06-19 14:46:12,6/19/19,14:46:12,0.023,33.8451,0.3,134.9768,0.1,10.1,0.8,1,,,,,,,,,,,,
2019-06-19 14:47:27,6/19/19,14:47:27,0.029,38.2846,0.2,141.8577,0.3,44.5,0.2,2.4,,,,,,,,,,,,
2019-06-19 14:48:13,6/19/19,14:48:13,0.057,36.0842,0.4,139.9024,0.3,46.9,0.5,1.4,,,,,,,,,,,,
2019-06-19 14:48:34,6/19/19,14:48:34,0.063,38.6296,0.4,139.4767,0.4,12.5,0.7,1.4,,,,,,,,,,,,
2019-06-19 14:50:25,6/19/19,14:50:25,0.056,38.658,0.4,139.4538,0.3,10.6,1,1.8,,,,,,,,,,,,
2019-06-19 14:50:37,6/19/19,14:50:37,0.042,32.2681,0.2,130.509,0.3,6.3,0.9,0.3,,,,,,,,,,,,
2019-06-19 14:51:45,6/19/19,14:51:45,0.043,38.6831,0.3,139.4813,0.3,12.3,0.7,1.9,,,,,,,,,,,,
2019-06-19 14:58:55,6/19/19,14:58:55,0.078,34.5897,0.3,132.2256,0.2,17.8,0.8,0.5,,,,,,,,,,,,
2019-06-19 14:59:13,6/19/19,14:59:13,0.037,38.6234,0.3,139.4065,0.2,8.8,0.7,1.6,,,,,,,,,,,,
2019-06-19 15:01:10,6/19/19,15:01:10,0.052,38.6419,0.4,139.4606,0.3,11.8,0.8,1.5,,,,,,,,,,,,
2019-06-19 15:04:00,6/19/19,15:04:00,0.109,38.6183,0.6,139.394,0.7,10.8,1.7,1.3,,,,,,,,,,,,
2019-06-19 15:04:41,6/19/19,15:04:41,0.03,32.1766,0.2,130.5416,0.2,7.6,0.7,1,,,,,,,,,,,,
2019-06-19 15:07:18,6/19/19,15:07:18,0.069,38.5861,0.4,139.4406,0.3,11.3,0.8,1.7,,,,,,,,,,,,
2019-06-19 15:08:34,6/19/19,15:08:34,0.639,38.6662,2.9,139.4336,3.8,15.9,4.9,1.4,,,,,,,,,,,,
2019-06-19 15:11:19,6/19/19,15:11:19,0.042,36.6266,0.2,141.0287,0.5,40.7,0.6,2.2,,,,,,,,,,,,
2019-06-19 15:13:42,6/19/19,15:13:42,0.079,35.8992,0.3,138.0781,0.4,7.9,0.8,0,,,,,,,,,,,,
2019-06-19 15:23:02,6/19/19,15:23:02,0.079,36.1091,0.6,140.1135,0.7,62.7,0.6,1.2,,,,,,,,,,,,